date,true_0,true_1,true_2,true_3,true_4,pred_0,pred_1,pred_2,pred_3,pred_4
2024-08-30,0.019107071914833476,-0.015991363237282834,-0.01280791676444032,0.013514679910117613,-0.019692417234084957,0.00355144037556546,0.004685692625500565,0.007425571993743751,0.005302229065383183,-9.262393530492052e-05
2024-09-03,-0.015991363237282834,-0.01280791676444032,0.013514679910117613,-0.019692417234084957,-0.034304155608880525,0.003985704052964762,0.00555657553056169,0.0030081441391703262,0.0030539971379470615,-0.00511081962464762
2024-09-04,-0.01280791676444032,0.013514679910117613,-0.019692417234084957,-0.034304155608880525,-0.008387049187705942,0.005148523642487242,0.002338397801043467,0.001988563977460412,0.0016021501678048268,-0.009498854228755783
2024-09-05,0.013514679910117613,-0.019692417234084957,-0.034304155608880525,-0.008387049187705942,0.0059979187062511,0.0020450190499699274,0.001717734953098566,0.004913157395864377,0.003813688841390879,-0.010748829177991538
2024-09-06,-0.019692417234084957,-0.034304155608880525,-0.008387049187705942,0.0059979187062511,-0.018864213732478045,0.001075636702642296,0.0027307815042795663,0.0012941617087862819,0.0004531328600214942,-0.009413579323904797
2024-09-09,-0.034304155608880525,-0.008387049187705942,0.0059979187062511,-0.018864213732478045,0.00440830691754401,0.004437241853020527,0.004239068601877336,0.0036590098924347485,0.0033077741179107206,-0.007861622516381138
2024-09-10,-0.008387049187705942,0.0059979187062511,-0.018864213732478045,0.00440830691754401,-0.03299713565079391,0.0015552323994804404,0.0031855760151335033,0.0031069618848672317,0.002629542135449909,-0.006330492297064579
2024-09-11,0.0059979187062511,-0.018864213732478045,0.00440830691754401,-0.03299713565079391,0.01832918657462248,0.0011060213083549522,0.002530729633631593,0.0024188876666812963,0.005170836870274536,-0.005860127399707991
2024-09-12,-0.018864213732478045,0.00440830691754401,-0.03299713565079391,0.01832918657462248,0.019207907505011723,0.0010993943567871407,0.0011679958252741214,0.0036522969412580647,0.006805945336208187,-0.004787686057680055
2024-09-13,0.00440830691754401,-0.03299713565079391,0.01832918657462248,0.019207907505011723,-0.008186825842228082,-0.0019073459928890181,0.0013528446431146576,0.002817593652139142,0.0027944581841889723,-0.0037488438189402984
2024-09-16,-0.03299713565079391,0.01832918657462248,0.019207907505011723,-0.008186825842228082,0.015258246468147586,0.0027176282836128673,0.005709456615743321,0.005675723269163243,0.00248917268238952,-0.0037140239407164218
2024-09-17,0.01832918657462248,0.019207907505011723,-0.008186825842228082,0.015258246468147586,0.010736757251481424,0.0014300629839972996,0.004301974431634047,0.0013765357000014126,0.0015009018843815667,-0.0012828789732211745
2024-09-18,0.019207907505011723,-0.008186825842228082,0.015258246468147586,0.010736757251481424,-0.0016328958081670121,0.0017932205853981858,0.0009497353728049891,0.002447790876692345,0.00792845942611404,-0.004037799882811233
2024-09-19,-0.008186825842228082,0.015258246468147586,0.010736757251481424,-0.0016328958081670121,0.01122777306711235,-0.00011200059108194905,0.0004924376965062294,0.0038794038169081254,0.004554634465458087,-0.006046775916680534
2024-09-20,0.015258246468147586,0.010736757251481424,-0.0016328958081670121,0.01122777306711235,-0.001617290680968705,-0.00026084860924019415,0.00313499434883845,0.0020720680245116365,0.002970488633599036,-0.0075812407183923234
2024-09-23,0.010736757251481424,-0.0016328958081670121,0.01122777306711235,-0.001617290680968705,-0.006199282064542997,0.004137174534805747,0.003012069968876551,0.0007696757892804823,0.0028717091682158354,-0.0014342870529069412
2024-09-24,-0.0016328958081670121,0.01122777306711235,-0.001617290680968705,-0.006199282064542997,0.015135106564775649,0.0026122756164174005,0.00025611916153146406,0.0015417923386548812,0.006968262780912094,-0.00402667709193449
2024-09-25,0.01122777306711235,-0.001617290680968705,-0.006199282064542997,0.015135106564775649,-0.016172066244710303,0.0003706785063669753,0.0012790939480464606,0.003396002637377391,0.0035649139972139935,-0.004057789547995404
2024-09-26,-0.001617290680968705,-0.006199282064542997,0.015135106564775649,-0.016172066244710303,-0.019758164983843387,0.0012742606651502772,0.0020663102458200783,0.0018585936600313798,0.006215826507885071,-0.008279611029995327
2024-09-27,-0.006199282064542997,0.015135106564775649,-0.016172066244710303,-0.019758164983843387,0.0037721659753596395,0.002316033183245992,0.0012677409508996265,0.0041253196984778725,0.003567472223384009,-0.0050733416243665935
2024-09-30,0.015135106564775649,-0.016172066244710303,-0.019758164983843387,0.0037721659753596395,0.003457870179173329,0.002880549823130315,0.004309879054220254,0.00163422146706588,0.002967220648461896,0.002612204824056439
2024-10-01,-0.016172066244710303,-0.019758164983843387,0.0037721659753596395,0.003457870179173329,0.016964692658416356,0.002839298327816095,1.9178178168094005e-05,0.00236326270015254,0.006373391425423077,-0.008902532940836696
2024-10-02,-0.019758164983843387,0.0037721659753596395,0.003457870179173329,0.016964692658416356,0.0020636799163194536,0.0006164160960646706,0.0023401503052681654,0.004659950425503425,0.00292761677980058,-0.007625589248401656
2024-10-03,0.0037721659753596395,0.003457870179173329,0.016964692658416356,0.0020636799163194536,0.03785485030810621,0.0016255433723876833,0.002511075052289307,-1.0416699428944168e-05,0.0011062072038509592,-0.007499675857643593
2024-10-04,0.003457870179173329,0.016964692658416356,0.0020636799163194536,0.03785485030810621,-0.0038355044187086303,0.0019779251965775036,0.0013332726528601606,0.004748239511767807,0.006021911548350695,-0.008851999780418599
2024-10-07,0.016964692658416356,0.0020636799163194536,0.03785485030810621,-0.0038355044187086303,0.03290000591600642,0.0018343462276262511,0.004282250631094376,0.0043949615087269965,0.0026086030660470608,-0.0027812239392066857
2024-10-08,0.0020636799163194536,0.03785485030810621,-0.0038355044187086303,0.03290000591600642,-0.03019941525292993,0.0028571605514564006,0.004146544297069933,0.002615691216736842,0.006107338525680786,-0.005483359442524344
2024-10-09,0.03785485030810621,-0.0038355044187086303,0.03290000591600642,-0.03019941525292993,-0.00926922898041299,0.004748270975039346,0.0028842944768312636,0.004985626749199166,0.006841022688870821,-0.00921369840369885
2024-10-10,-0.0038355044187086303,0.03290000591600642,-0.03019941525292993,-0.00926922898041299,0.024343120345084953,0.002270645316500169,0.0032633723625337015,0.0037814345307670433,0.005245539591500705,-0.0072670778545282635
2024-10-11,0.03290000591600642,-0.03019941525292993,-0.00926922898041299,0.024343120345084953,-0.00013983080521080883,0.0034283196123503744,0.0028391462553369923,0.0033113221261645534,0.00760314597881671,-0.010151834576061527
2024-10-14,-0.03019941525292993,-0.00926922898041299,0.024343120345084953,-0.00013983080521080883,-0.013657374754747256,0.0035755299672250366,0.002867643589145193,0.00350235793415922,-0.00016115513581879836,-0.003294784762058576
2024-10-15,-0.00926922898041299,0.024343120345084953,-0.00013983080521080883,-0.013657374754747256,-0.038438486122937425,0.003529584151797263,0.004655075715966382,0.002111343101985375,0.004618967416773001,-0.0065160437946361425
2024-10-16,0.024343120345084953,-0.00013983080521080883,-0.013657374754747256,-0.038438486122937425,-0.0051694965285156175,0.004754093253437558,0.001813750370077103,0.0034999211037785574,0.008153316415655164,-0.005184874726867953
2024-10-17,-0.00013983080521080883,-0.013657374754747256,-0.038438486122937425,-0.0051694965285156175,0.0044326314349644085,0.0019171588692854153,0.0006436887220282328,0.0030079380547417484,0.0062629731715099,-0.0005087010551731403
2024-10-18,-0.013657374754747256,-0.038438486122937425,-0.0051694965285156175,0.0044326314349644085,-0.014852493490055513,0.0006295368046841134,0.0024073993774668466,0.003577675237956108,0.006213212434408075,-0.00200835279570322
2024-10-21,-0.038438486122937425,-0.0051694965285156175,0.0044326314349644085,-0.014852493490055513,0.014999909935750129,0.0029815159858854455,0.003983923231795679,0.00357920592611646,0.0017237979255240485,0.002938214134042629
2024-10-22,-0.0051694965285156175,0.0044326314349644085,-0.014852493490055513,0.014999909935750129,0.020571154426889202,0.0016859793353286166,0.003038858322652349,0.0022518339508351163,0.006295270219744242,-0.0006562627499133169
2024-10-23,0.0044326314349644085,-0.014852493490055513,0.014999909935750129,0.020571154426889202,-0.014399201088223615,0.0015651506714451156,0.0013318478910473222,0.005078020743623613,0.005165013543100607,0.0014868102716412296
2024-10-24,-0.014852493490055513,0.014999909935750129,0.020571154426889202,-0.014399201088223615,-0.004404646421703052,-0.0006905086856255442,0.0019111385033734748,0.0010800393320092951,0.002646432930581461,-0.0017364411726065174
2024-10-25,0.014999909935750129,0.020571154426889202,-0.014399201088223615,-0.004404646421703052,0.017937047236128663,0.0007929061714331266,0.002048442778301183,0.005592414294395558,0.003880701152471232,-0.008917279776206825
2024-10-28,0.020571154426889202,-0.014399201088223615,-0.004404646421703052,0.017937047236128663,-0.05343309685398298,0.002929731636035831,0.005784892431196338,0.0030378588393931405,0.0032085442033566594,-0.00037687256936582585
2024-10-29,-0.014399201088223615,-0.004404646421703052,0.017937047236128663,-0.05343309685398298,-0.0022895529009459674,0.004578809794532606,0.0022165117090423405,0.0017888832423196292,0.0070110580740831395,0.0010085701174185385
2024-10-30,-0.004404646421703052,0.017937047236128663,-0.05343309685398298,-0.0022895529009459674,0.01727053977961277,0.002692460812709165,0.0027637864761235267,0.00781311664581722,0.00886184674202583,-0.006704672400164179
2024-10-31,0.017937047236128663,-0.05343309685398298,-0.0022895529009459674,0.01727053977961277,0.00613912219820119,0.002473575027718203,0.005671981761789448,0.0061346239991468925,0.0074220496804950084,-0.008643425558286545
2024-11-01,-0.05343309685398298,-0.0022895529009459674,0.01727053977961277,0.00613912219820119,0.004914014770013803,0.002414123078594639,0.0014346598990660493,0.0008368037278837398,0.0010397150855267101,-0.01107060825111937
2024-11-04,-0.0022895529009459674,0.01727053977961277,0.00613912219820119,0.004914014770013803,0.019418086353992243,0.002687155580739903,0.0028413324283210637,0.001494304822921717,0.0014936545819765866,-0.0054312698989408045
2024-11-05,0.01727053977961277,0.00613912219820119,0.004914014770013803,0.019418086353992243,0.004506149039629291,0.0015448673490599174,0.00043659406024028,0.000617528847101418,0.0006105721866672754,-0.005221195927532079
2024-11-06,0.00613912219820119,0.004914014770013803,0.019418086353992243,0.004506149039629291,-0.002177859335759761,-5.157144518318254e-05,0.000567581821212691,0.0008443587148649743,-0.0021443407260079337,-0.0028652143559971103
2024-11-07,0.004914014770013803,0.019418086353992243,0.004506149039629291,-0.002177859335759761,0.009835196083506616,-0.00041316178237055376,0.00045296584248841025,-0.0015573569504997063,-0.0016718958442087175,-0.004758706811429455
2024-11-08,0.019418086353992243,0.004506149039629291,-0.002177859335759761,0.009835196083506616,-0.016836392247732857,0.0008341807398131411,3.199474182933058e-05,0.0032157610912658193,0.005095448249728828,-0.01234638413179247
2024-11-11,0.004506149039629291,-0.002177859335759761,0.009835196083506616,-0.016836392247732857,-0.023997597507699166,0.0032096378142365545,0.0049533139693290545,0.00573926596797468,0.0027610177082281325,-0.007669750571945334
2024-11-12,-0.002177859335759761,0.009835196083506616,-0.016836392247732857,-0.023997597507699166,-0.001350236462609699,0.003487331337866328,0.004023366375578219,0.0008968253588675996,0.0007762777668765099,-0.003243847036407278
2024-11-13,0.009835196083506616,-0.016836392247732857,-0.023997597507699166,-0.001350236462609699,0.000750356422877047,0.005056141708983551,0.0016041897743823148,0.004022669726307569,0.008364789453871637,-0.013809855207604629
2024-11-14,-0.016836392247732857,-0.023997597507699166,-0.001350236462609699,0.000750356422877047,0.0019482958404787377,0.002338374727977672,0.002402053767632443,0.006019264962826443,0.00400582901021655,-0.009078287824426868
2024-11-15,-0.023997597507699166,-0.001350236462609699,0.000750356422877047,0.0019482958404787377,-0.018892725749146296,0.0010597304457159718,0.0039296818626328315,0.00031892719295247593,0.005515726240735305,-0.0030699293456810293
2024-11-18,-0.001350236462609699,0.000750356422877047,0.0019482958404787377,-0.018892725749146296,0.03050345481556783,0.003726497298915334,0.0006443991364801807,0.002532060267823745,0.005181777174176357,-0.00044812324531635407
2024-11-19,0.000750356422877047,0.0019482958404787377,-0.018892725749146296,0.03050345481556783,0.0020697819556404298,0.0005080120159178216,0.002639283688706109,0.005257800304031427,0.0106890033467159,-0.003149319569978586
2024-11-20,0.0019482958404787377,-0.018892725749146296,0.03050345481556783,0.0020697819556404298,-0.006222242386948269,0.0006921109591200219,0.003454862028220312,0.003198959704264223,0.005991686356547168,-0.0005604271979704088
2024-11-21,-0.018892725749146296,0.03050345481556783,0.0020697819556404298,-0.006222242386948269,0.0076980397301648976,0.004425350833930384,0.003327115901895127,0.00421189508521912,0.00832417141909106,-0.003907695584284232
2024-11-22,0.03050345481556783,0.0020697819556404298,-0.006222242386948269,0.0076980397301648976,0.011145444173253092,0.0009333520540239613,0.00180335962465149,0.003342128077521897,0.0025449937699775333,0.0011268332137019984
2024-11-25,0.0020697819556404298,-0.006222242386948269,0.0076980397301648976,0.011145444173253092,-0.025852684582921885,0.0018776976341217406,0.0042784781848369015,0.003174830521321293,0.0020236790860488924,0.0031744718400257533
2024-11-26,-0.006222242386948269,0.0076980397301648976,0.011145444173253092,-0.025852684582921885,-0.0002993563761792856,0.004814463930090049,0.003995604495742232,0.003118132657233072,0.010477259724364193,-0.003083006530108177
2024-11-27,0.0076980397301648976,0.011145444173253092,-0.025852684582921885,-0.0002993563761792856,-0.0034490549506786343,0.0036418015804545864,0.0030715622958652567,0.004620909749402649,0.002633260569757909,-0.0012522521003176712
2024-11-29,0.011145444173253092,-0.025852684582921885,-0.0002993563761792856,-0.0034490549506786343,-0.006782752703590013,0.0025788873170485287,0.0034133124184082646,0.0026243596102396476,0.00164827833911056,-0.002461817721140723
2024-12-02,-0.025852684582921885,-0.0002993563761792856,-0.0034490549506786343,-0.006782752703590013,0.0013602360210838915,0.004146932081891646,0.0033440059104448906,0.0027451303292647315,0.004238869858878784,-0.006893435773371972
2024-12-03,-0.0002993563761792856,-0.0034490549506786343,-0.006782752703590013,0.0013602360210838915,0.020184581989906275,0.0027583016413125654,0.0022373477362309,0.0032283298816636894,0.0005580950549074707,-0.008460595633703067
2024-12-04,-0.0034490549506786343,-0.006782752703590013,0.0013602360210838915,0.020184581989906275,-0.017770944753467292,0.001064565826163591,0.0020292729935345206,0.003223272947345653,0.002969390827616269,-0.010828055793277095
2024-12-05,-0.006782752703590013,0.0013602360210838915,0.020184581989906275,-0.017770944753467292,-0.0022626150966303616,0.0019836032683144974,0.002414702264984878,0.00279494088321316,0.001839287272227454,-0.007656353510924212
2024-12-06,0.0013602360210838915,0.020184581989906275,-0.017770944753467292,-0.0022626150966303616,-0.0074270900902041114,-0.0005702091290917503,0.0003589594864945758,-0.000944366683513415,0.0012891738625686652,-0.008670831116572358
2024-12-09,0.020184581989906275,-0.017770944753467292,-0.0022626150966303616,-0.0074270900902041114,0.014349615503058062,0.0031986566080817345,0.0027220934462320492,0.0060720828811461,0.0035541081987980013,-0.01127180328729991
2024-12-10,-0.017770944753467292,-0.0022626150966303616,-0.0074270900902041114,0.014349615503058062,0.0011990408974951582,0.002405232082445698,0.005889337383007917,0.004232094767740812,0.008066869503939365,-0.0090784357018031
2024-12-11,-0.0022626150966303616,-0.0074270900902041114,0.014349615503058062,0.0011990408974951582,0.013686616201318719,0.00537381325201202,0.004044433920006516,0.002953153681950931,0.005603339391049467,-0.004764576809122834
2024-12-12,-0.0074270900902041114,0.014349615503058062,0.0011990408974951582,0.013686616201318719,0.00044316421404811594,0.0035976103668029463,0.0013297309372606355,0.003946547487147152,0.006742590892638122,-0.005471229826958366
2024-12-13,0.014349615503058062,0.0011990408974951582,0.013686616201318719,0.00044316421404811594,0.010138945653267128,-0.00044863295031527897,0.0021537059062697295,0.002899018501329526,1.381473914648573e-05,-0.0007264190284021619
2024-12-16,0.0011990408974951582,0.013686616201318719,0.00044316421404811594,0.010138945653267128,-0.0070422827427545,0.003828786492238662,0.005064274440288412,0.0026725133607476406,0.0040051606778902845,0.0009717848334992191
2024-12-17,0.013686616201318719,0.00044316421404811594,0.010138945653267128,-0.0070422827427545,-0.008427638905542134,0.0034406768122471477,0.001515002673909436,0.0016868498191745169,0.0004340452730517263,0.0023775250011409737
2024-12-18,0.00044316421404811594,0.010138945653267128,-0.0070422827427545,-0.008427638905542134,-0.0001484891370215703,0.002045907625196963,0.002530889571928581,0.004368498013229835,0.007086623413337323,-0.0025577995772962854
2024-12-19,0.010138945653267128,-0.0070422827427545,-0.008427638905542134,-0.0001484891370215703,-0.0102993669050816,0.0013111714088648565,0.0009026678917468649,4.3218215174997576e-05,-0.0013769453716248618,-9.474351103090224e-05
2024-12-20,-0.0070422827427545,-0.008427638905542134,-0.0001484891370215703,-0.0102993669050816,-0.002403486126677861,0.0018774267877925794,0.0016199748977132153,0.0030570488130923735,0.004935838219540814,-0.0099406447072889
2024-12-23,-0.008427638905542134,-0.0001484891370215703,-0.0102993669050816,-0.002403486126677861,-0.001203912847604565,0.004343763424503717,0.003582149839556752,0.004852641988162809,0.002682441858275566,-0.00411401913372556
2024-12-24,-0.0001484891370215703,-0.0102993669050816,-0.002403486126677861,-0.001203912847604565,0.009143435156478148,0.0020982133476753644,0.00321728705993544,0.00042024259802168505,-0.00024984590318315614,0.0009765247753565047
2024-12-26,-0.0102993669050816,-0.002403486126677861,-0.001203912847604565,0.009143435156478148,-0.00463621557583907,0.0029463369019781705,0.000584257486225098,0.0017098596962324619,0.003015137113463703,-0.0022422177198858357
2024-12-27,-0.002403486126677861,-0.001203912847604565,0.009143435156478148,-0.00463621557583907,0.008508148704309978,0.0006721679644552991,0.0008170238178431587,0.0030517892028668423,0.00659088810697561,-0.006815186617055548
2024-12-30,-0.001203912847604565,0.009143435156478148,-0.00463621557583907,0.008508148704309978,0.004744967331527796,0.0031279691246917465,0.005181725784166177,0.006236572340361886,0.0052264896293598186,-0.004296240768392626
2024-12-31,0.009143435156478148,-0.00463621557583907,0.008508148704309978,0.004744967331527796,0.008689943487259839,0.004442631511435084,0.0063877801038855235,0.0056358005726836686,0.01178904951441606,-7.027452475535614e-05
2025-01-02,-0.00463621557583907,0.008508148704309978,0.004744967331527796,0.008689943487259839,0.011083677576120008,0.004470632249940835,0.0035381141069052986,0.005419994517588475,0.007561605545792195,-0.00836607577089833
2025-01-03,0.008508148704309978,0.004744967331527796,0.008689943487259839,0.011083677576120008,0.006361160603000317,0.0037602382491193674,0.003671143703103598,0.005024121013150889,0.0013153868317662013,-0.010017105701006215
2025-01-06,0.004744967331527796,0.008689943487259839,0.011083677576120008,0.006361160603000317,0.00043224552475835834,0.0058584011212676175,0.006059684254608467,0.0013437517576400109,-0.00046559853626521736,-0.004910456791999274
2025-01-07,0.008689943487259839,0.011083677576120008,0.006361160603000317,0.00043224552475835834,0.004455630824265174,0.005676555997083297,0.0009117667421334075,-1.9262794867460324e-05,-0.0026485716400729198,-0.006040200092928973
2025-01-08,0.011083677576120008,0.006361160603000317,0.00043224552475835834,0.004455630824265174,-0.008786516322141091,0.0014934327659122397,0.0008597367821203448,0.0016090983069362611,0.004393684099902531,-0.010093180745259325
2025-01-09,0.006361160603000317,0.00043224552475835834,0.004455630824265174,-0.008786516322141091,0.00433088603185084,0.0010303841279640882,-0.00018975105454448695,0.0011794757242828279,0.001215054916126502,-0.007185092434716634
2025-01-10,0.00043224552475835834,0.004455630824265174,-0.008786516322141091,0.00433088603185084,0.014160288412901869,-0.0019030714452565741,-0.0010751942439949087,-0.0018334803257827406,-0.003171659541546689,-0.006376605392219366
2025-01-13,0.004455630824265174,-0.008786516322141091,0.00433088603185084,0.014160288412901869,-0.006411648135283308,0.0031392439880475933,0.001953908757024254,0.002690534736103145,0.0024480939728748334,-0.005634605486361687
2025-01-14,-0.008786516322141091,0.00433088603185084,0.014160288412901869,-0.006411648135283308,0.002997219042516417,0.002336830405732987,0.0022495942902894294,0.002689633051179636,0.006866566670257268,-0.0020944315871420176
2025-01-15,0.00433088603185084,0.014160288412901869,-0.006411648135283308,0.002997219042516417,0.010772605454296752,0.0016255868965799783,0.0018697513227007453,0.0023052456073080992,0.00030622809217165,0.0016927489203940693
2025-01-16,0.014160288412901869,-0.006411648135283308,0.002997219042516417,0.010772605454296752,-0.010060304772828672,0.002148426369305557,0.001864556867666692,0.0019838700506377514,0.0043879593576460875,0.0003417726744166318
2025-01-17,-0.006411648135283308,0.002997219042516417,0.010772605454296752,-0.010060304772828672,-0.0025666633052765595,0.0020256376747021685,0.0016257054082361069,0.003364330135083089,0.005427449215391679,0.00464542225987049
2025-01-21,0.002997219042516417,0.010772605454296752,-0.010060304772828672,-0.0025666633052765595,-0.0027164216607579875,0.002565823766705714,0.0035220812103110314,0.0038623454798556306,0.002918851112349934,0.007828399929967079
2025-01-22,0.010772605454296752,-0.010060304772828672,-0.0025666633052765595,-0.0027164216607579875,-0.004016645814386204,0.00373240479034063,0.0038120614036705465,0.0038921647954563102,0.007285800605036525,0.0037834953750528195
2025-01-23,-0.010060304772828672,-0.0025666633052765595,-0.0027164216607579875,-0.004016645814386204,-0.0027347983088879483,0.004607252592003474,0.0035820124499377002,0.00522663750673605,0.008555577488602938,0.002474127208133705
2025-01-24,-0.0025666633052765595,-0.0027164216607579875,-0.004016645814386204,-0.0027347983088879483,-0.003754517171186562,0.0029952575697299163,0.0025450603672356235,0.0031767227749104087,0.0036755538049975875,0.0022829280533209675
2025-01-27,-0.0027164216607579875,-0.004016645814386204,-0.0027347983088879483,-0.003754517171186562,-0.016042345273708215,0.005032096952485916,0.004967658074823488,0.00509543146931734,0.005053224014936207,-0.0016520863062541042
2025-01-28,-0.004016645814386204,-0.0027347983088879483,-0.003754517171186562,-0.016042345273708215,-0.0020603392970724704,0.0054353984109459,0.004984882642827279,0.005067475828167462,0.010469965489245834,-0.001416334110167033
2025-01-29,-0.0027347983088879483,-0.003754517171186562,-0.016042345273708215,-0.0020603392970724704,-0.007690070601480661,0.00444918478650871,0.004892931231755807,0.005314927117388291,0.008442124077762007,0.002679514725246761
2025-01-30,-0.003754517171186562,-0.016042345273708215,-0.0020603392970724704,-0.007690070601480661,0.0034086731590199024,0.0038953803418075523,0.003407021599458057,0.004798073138782031,0.007810993923764083,0.0016197310573587914
2025-01-31,-0.016042345273708215,-0.0020603392970724704,-0.007690070601480661,0.0034086731590199024,-0.00311180512474136,0.0018192771559167823,0.003391642876717863,0.0053901841165813974,0.005417834563997351,-0.0006496769627924352
2025-02-03,-0.0020603392970724704,-0.007690070601480661,0.0034086731590199024,-0.00311180512474136,-0.00014842299860285695,0.0029687345562107604,0.004694632389720391,0.003550178173988904,0.004226546744192844,-0.0031584827234263355
2025-02-04,-0.007690070601480661,0.0034086731590199024,-0.00311180512474136,-0.00014842299860285695,0.008130726835466187,0.0036847746411098246,0.003328129543626528,0.002945791538604835,-0.000835413569278218,-0.0007380866582643817
2025-02-05,0.0034086731590199024,-0.00311180512474136,-0.00014842299860285695,0.008130726835466187,-0.015281063101888122,0.002394219413019339,0.0026843372581918353,0.0034582847077758495,0.001410041462250695,-0.005023419900192062
2025-02-06,-0.00311180512474136,-0.00014842299860285695,0.008130726835466187,-0.015281063101888122,0.002090801256385701,0.0017187312900306206,0.0032807862345545823,0.0027260751232452553,0.0036215665017524136,-0.005601806598946304
2025-02-07,-0.00014842299860285695,0.008130726835466187,-0.015281063101888122,0.002090801256385701,0.005207957762423601,0.0008224711589222032,0.0013251042631808887,0.0014269867937195806,0.001002043586125721,-0.0038463904484670455
2025-02-10,0.008130726835466187,-0.015281063101888122,0.002090801256385701,0.005207957762423601,0.012389538637038289,0.002031392175969608,0.003156841133625186,0.0031824294257857167,0.0012723212166538538,-0.0029510233498824647
2025-02-11,-0.015281063101888122,0.002090801256385701,0.005207957762423601,0.012389538637038289,0.015562818278070972,0.0030444157851817785,0.004845692275867798,0.0041175461728564094,0.009491864669374865,-0.007080918591428146
2025-02-12,0.002090801256385701,0.005207957762423601,0.012389538637038289,0.015562818278070972,-0.01923416517188286,0.004103280725540822,0.004000258437990646,0.004703969639937321,0.00618184355268412,-0.004691416836977774
2025-02-13,0.005207957762423601,0.012389538637038289,0.015562818278070972,-0.01923416517188286,-0.0017670451035411905,0.002977970075183049,0.0031843937827054415,0.004471729793729672,0.005624567660356541,-0.005141133962387173
2025-02-14,0.012389538637038289,0.015562818278070972,-0.01923416517188286,-0.0017670451035411905,-0.00029481130996009196,0.0019191691101428006,0.0031602792826225636,0.0034741899159264557,0.0066689002399797775,-0.005669021061546293
2025-02-18,0.015562818278070972,-0.01923416517188286,-0.0017670451035411905,-0.00029481130996009196,0.007636988398071456,0.004198700175717633,0.003886539686893073,0.004451222557728691,0.004413880898290998,0.0025004320763035268
2025-02-19,-0.01923416517188286,-0.0017670451035411905,-0.00029481130996009196,0.007636988398071456,0.003796733546552673,0.0026519964235712686,0.0027122360032590153,0.0018286494090232986,0.0025477533610853953,0.003526489739041444
2025-02-20,-0.0017670451035411905,-0.00029481130996009196,0.007636988398071456,0.003796733546552673,0.005958021180388757,0.0038071767307641833,0.0027896031391966415,0.004638384450415171,0.008128957550830002,-0.0012464555169245486
2025-02-21,-0.00029481130996009196,0.007636988398071456,0.003796733546552673,0.005958021180388757,-0.028659468500540405,0.0018889056380255677,0.0018148615479502733,0.0027163419601947984,0.005639426714728489,0.0003066009319393821
2025-02-24,0.007636988398071456,0.003796733546552673,0.005958021180388757,-0.028659468500540405,0.001192072831625083,0.004575918319878212,0.004204480765281056,0.0041174284477820695,0.005787440431803103,0.0019425987596818559
2025-02-25,0.003796733546552673,0.005958021180388757,-0.028659468500540405,0.001192072831625083,-0.022591321415665538,0.0035970167597465853,0.003069863279202174,0.003316299615721955,0.0037625662690192923,0.005000036403175972
2025-02-26,0.005958021180388757,-0.028659468500540405,0.001192072831625083,-0.022591321415665538,-0.00856667300491964,0.003655168751367748,0.0034786445907884584,0.003319259522991946,0.007659656636439278,0.00343898041752336
2025-02-27,-0.028659468500540405,0.001192072831625083,-0.022591321415665538,-0.00856667300491964,0.015397819638244119,0.0032272297159355577,0.0013773768181272103,0.0026598462476262125,0.003911398031153909,0.004978666549146975
2025-02-28,0.001192072831625083,-0.022591321415665538,-0.00856667300491964,0.015397819638244119,-0.009882254119191903,-0.00027015675593095067,0.00226197849616094,0.003981523895146934,0.006203891440214773,0.0025235680686415555
2025-03-03,-0.022591321415665538,-0.00856667300491964,0.015397819638244119,-0.009882254119191903,-0.009980889377913886,0.0019456053374712957,0.003098131717709932,0.003781591322736877,0.0044553463438516796,-0.00423730691447373
2025-03-04,-0.00856667300491964,0.015397819638244119,-0.009882254119191903,-0.009980889377913886,-0.004485352859526639,0.0021526826944599023,0.003644156606329248,0.0037802384020607185,0.003270778292266022,-0.00630634213860729
2025-03-05,0.015397819638244119,-0.009882254119191903,-0.009980889377913886,-0.004485352859526639,-0.020832455317462074,0.0022449702381489773,0.0030589953408248927,0.0028885818719662525,0.004491031986430726,-0.0053664592302863625
2025-03-06,-0.009882254119191903,-0.009980889377913886,-0.004485352859526639,-0.020832455317462074,-0.0015840332163706478,0.0014752333608786126,0.0006502540580226144,0.0019818017338249848,0.0032774314632267824,-0.0054066268158960784
2025-03-07,-0.009980889377913886,-0.004485352859526639,-0.020832455317462074,-0.0015840332163706478,0.011192675787711076,-0.0013306024634908778,0.0015502145320578974,0.0032840914512297092,0.004659312245479051,-0.007705425726767202
2025-03-10,-0.004485352859526639,-0.020832455317462074,-0.0015840332163706478,0.011192675787711076,-0.017873152142284618,0.0021750310562337486,0.0050389396896576965,0.005026329210425037,0.0036916850243154126,-0.004773645572755968
2025-03-11,-0.020832455317462074,-0.0015840332163706478,0.011192675787711076,-0.017873152142284618,0.002391010945904194,0.0032934543964517286,0.0053114200113874585,0.004532786894089562,0.008240416190255387,-0.006450267203545467
2025-03-12,-0.0015840332163706478,0.011192675787711076,-0.017873152142284618,0.002391010945904194,0.019861938725586854,0.001930440564977564,0.0036299506770356544,0.004222650804594581,0.0019445224765425098,-0.004283218120302812
2025-03-13,0.011192675787711076,-0.017873152142284618,0.002391010945904194,0.019861938725586854,-0.013197363895666154,0.0020224559513678303,0.003766341075022132,0.0029705009567137217,0.007193322184166782,-0.0072073962235224675
2025-03-14,-0.017873152142284618,0.002391010945904194,0.019861938725586854,-0.013197363895666154,0.007876537162257514,0.0018441320916565349,0.0015624492873896,0.0036929661038548915,0.002819973324243176,-0.004778360868383882
2025-03-17,0.002391010945904194,0.019861938725586854,-0.013197363895666154,0.007876537162257514,0.007814981893431596,0.002397924737630865,0.005303465571954649,0.0035500832597864297,0.003207932504919164,-0.0012238774732684706
2025-03-18,0.019861938725586854,-0.013197363895666154,0.007876537162257514,0.007814981893431596,-0.004994547629064693,0.0036639726991320987,0.0030879583310518648,0.0024946103222931735,0.006933758059791462,-0.0005869339554659363
2025-03-19,-0.013197363895666154,0.007876537162257514,0.007814981893431596,-0.004994547629064693,0.001094690859886054,0.0022248604881451002,0.002452720122566721,0.004850403376392839,0.00472041129686766,0.0003344821100132861
2025-03-20,0.007876537162257514,0.007814981893431596,-0.004994547629064693,0.001094690859886054,0.012735069333850586,0.0020550891322197763,0.003483380599736802,0.0027776269070794142,0.003980221315705237,-0.002718958124831855
2025-03-21,0.007814981893431596,-0.004994547629064693,0.001094690859886054,0.012735069333850586,-0.002781642925106008,0.0031219182131870206,0.0025143960006002034,0.0028759648378853565,0.005412248784523538,-0.004690776559401964
2025-03-24,-0.004994547629064693,0.001094690859886054,0.012735069333850586,-0.002781642925106008,0.007707761356682457,0.004341965560729217,0.0031651587116503367,0.0034594433427502574,0.002597589610038914,-0.0009878358150832447
2025-03-25,0.001094690859886054,0.012735069333850586,-0.002781642925106008,0.007707761356682457,0.00015355086379439118,0.003466823577477488,0.003119091762627139,0.002080891636820699,0.007711654412147496,-0.0015765713082343817
2025-03-26,0.012735069333850586,-0.002781642925106008,0.007707761356682457,0.00015355086379439118,0.0062753707492718145,0.0029593713487948113,0.0014376434037896943,0.00305183665996808,0.006733964712357964,-5.6049979692768525e-05
2025-03-27,-0.002781642925106008,0.007707761356682457,0.00015355086379439118,0.0062753707492718145,0.004718785170116975,0.0015357487685801808,0.0021387615077737322,0.004076378317405697,0.002166944995448336,-0.0010482421501101457
2025-03-28,0.007707761356682457,0.00015355086379439118,0.0062753707492718145,0.004718785170116975,-0.011454878625401389,0.002143762594784788,0.004425580515812615,0.004134491242131366,0.006983704954583224,-0.004541054911070664
2025-03-31,0.00015355086379439118,0.0062753707492718145,0.004718785170116975,-0.011454878625401389,0.01977250752256562,0.006589017091094784,0.0047902975156091316,0.005920545277659166,0.007331676676879055,-0.0002168262484791446
2025-04-01,0.0062753707492718145,0.004718785170116975,-0.011454878625401389,0.01977250752256562,0.001955917293621097,0.0028707563554760756,0.0028604088720488286,0.004351677748265315,0.0048856107772445,-0.007567498085772135
2025-04-02,0.004718785170116975,-0.011454878625401389,0.01977250752256562,0.001955917293621097,0.0031514994566997252,0.0033082599632620617,0.003566702946394891,0.003363647382090702,0.003225201645890967,-0.009348967398248906
2025-04-03,-0.011454878625401389,0.01977250752256562,0.001955917293621097,0.0031514994566997252,-0.05655925395323235,0.003944241229343375,0.0014790178680568436,0.0024370695047216478,0.0030333842377924967,-0.008464503372028158
2025-04-04,0.01977250752256562,0.001955917293621097,0.0031514994566997252,-0.05655925395323235,-0.05826890939719805,0.0013976129456051008,0.0022586874379580055,0.004054380508915576,0.002240126205301685,-0.011213162041806323
2025-04-07,0.001955917293621097,0.0031514994566997252,-0.05655925395323235,-0.05826890939719805,-0.0047169896596964645,0.00366198998863731,0.005276714974104697,0.0036053907094665757,0.0029500684459826446,-0.004984103396077464
2025-04-08,0.0031514994566997252,-0.05655925395323235,-0.05826890939719805,-0.0047169896596964645,-0.026695629676020335,0.005355699846587265,0.003526525135221925,0.00318526531532706,0.006686203990550273,-0.006539766052600507
2025-04-09,-0.05655925395323235,-0.05826890939719805,-0.0047169896596964645,-0.026695629676020335,0.031580673330991044,0.0033816616782101102,0.002990707980665439,0.0050599435209611274,0.00570185141862459,-0.007597888984139099
2025-04-10,-0.05826890939719805,-0.0047169896596964645,-0.026695629676020335,0.031580673330991044,-0.022774607557686326,0.00019100172597952107,0.00393851753586265,0.004966235410562086,0.00729154946913448,-0.008621177354593763
2025-04-11,-0.0047169896596964645,-0.026695629676020335,0.031580673330991044,-0.022774607557686326,0.009410626502262277,-0.0023214327986384943,0.0022875122519841373,0.00416839553915347,0.004984118085328892,-0.007071936876179602
2025-04-14,-0.026695629676020335,0.031580673330991044,-0.022774607557686326,0.009410626502262277,0.00881660517949266,0.0013898834685637921,0.005227546270895655,0.004851881625767294,0.005265672938958236,-0.0035414541889816718
2025-04-15,0.031580673330991044,-0.022774607557686326,0.009410626502262277,0.00881660517949266,-0.008476063502379288,-5.2683409638141506e-05,0.0027421140502999005,0.0028786861486795132,0.007299549005923162,-0.004625850001030688
2025-04-16,-0.022774607557686326,0.009410626502262277,0.00881660517949266,-0.008476063502379288,0.009825591395481609,-0.0015037291151318607,0.001993073188659748,0.0034602768572521,0.005053336758325887,-0.0028502984055424627
2025-04-17,0.009410626502262277,0.00881660517949266,-0.008476063502379288,0.009825591395481609,0.028910469377570018,0.00020420109277781027,0.0018702106864652082,0.001682257492499533,0.006483425303035624,-0.002980747226892811
2025-04-21,0.00881660517949266,-0.008476063502379288,0.009825591395481609,0.028910469377570018,-0.025544596228016206,0.0009178613744758757,0.002124972204634095,0.004027787751811176,0.0023105989518634224,0.00010591402759418859
2025-04-22,-0.008476063502379288,0.009825591395481609,0.028910469377570018,-0.025544596228016206,0.017982503273296153,0.0008720855918113746,0.004066811647500466,0.002076377181742773,0.00615767871136678,-0.007703022981597373
2025-04-23,0.009825591395481609,0.028910469377570018,-0.025544596228016206,0.017982503273296153,-0.013289232453455906,0.00287946145612901,0.001969220358118499,0.0022216153138798263,-0.00014472947271815828,-0.008271755699867864
2025-04-24,0.028910469377570018,-0.025544596228016206,0.017982503273296153,-0.013289232453455906,0.009320972958788839,0.000405618731604487,0.0009605574272446098,-0.0018604429074246833,-0.002759064619256,-0.0038783754859252973
2025-04-25,-0.025544596228016206,0.017982503273296153,-0.013289232453455906,0.009320972958788839,0.003803229138961811,5.018811640257936e-05,-0.0020185702309414412,-0.0030290939521329077,0.00043371058250073473,-0.004308535566134182
2025-04-28,0.017982503273296153,-0.013289232453455906,0.009320972958788839,0.003803229138961811,-0.010118690117047078,-0.0002487294814313959,-0.0010192715562592188,0.001943422835202237,-0.0015473109900913703,-0.00011651399738415695
2025-04-29,-0.013289232453455906,0.009320972958788839,0.003803229138961811,-0.010118690117047078,-0.0154572972759814,-0.000975548883159574,0.003132468896909621,0.0018132181164002422,0.009582552305706205,-0.004646113396677245
2025-04-30,0.009320972958788839,0.003803229138961811,-0.010118690117047078,-0.0154572972759814,-0.03638018826460426,0.003595111658654925,0.0012577918711482363,0.004283439156176746,0.002561891906539111,-0.002156695303965412
2025-05-01,0.003803229138961811,-0.010118690117047078,-0.0154572972759814,-0.03638018826460426,0.015161046983383481,0.0006399519341451686,0.0016631522074395247,0.0007399330343072128,0.003564270048923171,-0.006304320623410937
2025-05-02,-0.010118690117047078,-0.0154572972759814,-0.03638018826460426,0.015161046983383481,-0.005723716812788943,0.0016630601773702746,-0.00038591091850313916,0.001241386265883202,-0.001322463832822603,-0.007893011324843734
2025-05-05,-0.0154572972759814,-0.03638018826460426,0.015161046983383481,-0.005723716812788943,-0.01101891304720578,0.0020190817776892483,0.002439533865464906,0.002621860377703767,-0.0008328881173493888,-0.005024022421842025
2025-05-06,-0.03638018826460426,0.015161046983383481,-0.005723716812788943,-0.01101891304720578,0.028092709584562475,0.001678543253294405,0.002053882122465378,-0.0003494723860555677,-0.00016981317266138922,-0.004273836297117869
2025-05-07,0.015161046983383481,-0.005723716812788943,-0.01101891304720578,0.028092709584562475,-0.016378264989841195,0.001004531806516563,0.0017771654023199124,0.004311026939243553,0.007087005167698658,-0.008966359333479841
2025-05-08,-0.005723716812788943,-0.01101891304720578,0.028092709584562475,-0.016378264989841195,0.021495111151545163,-0.0009800641248192885,0.0010692604084710752,0.004482145447578586,0.002093979046811097,-0.005590692722663163
2025-05-09,-0.01101891304720578,0.028092709584562475,-0.016378264989841195,0.021495111151545163,0.009987387074265833,0.00017418932683288605,0.00468660191404803,0.00290952120356303,0.0075240446922294505,-0.009139992543792594
2025-05-12,0.028092709584562475,-0.016378264989841195,0.021495111151545163,0.009987387074265833,0.018027529312419285,0.005106972197317688,0.003598706599622136,0.005850032939814076,0.0046932133961740015,-0.003747295825980601
2025-05-13,-0.016378264989841195,0.021495111151545163,0.009987387074265833,0.018027529312419285,0.018682942819390678,0.001184328016238899,0.00373444832982706,0.0020274107611503315,0.00418859600825695,-0.001076603667462872
2025-05-14,0.021495111151545163,0.009987387074265833,0.018027529312419285,0.018682942819390678,-0.007987653370019613,0.003603472498678441,0.0025249194161541372,0.004219211082433626,0.00826272050344908,-0.008480642981551727
2025-05-15,0.009987387074265833,0.018027529312419285,0.018682942819390678,-0.007987653370019613,-0.017334317397793654,0.001461273107296949,0.003044685844929151,0.004248299139164964,0.005263364059215164,-0.005070062627084415
2025-05-16,0.018027529312419285,0.018682942819390678,-0.007987653370019613,-0.017334317397793654,0.00481768524470774,0.0012585888095969153,0.0027326908004740988,0.0022637330979370742,0.004095280402170352,-0.009563410569298622
2025-05-19,0.018682942819390678,-0.007987653370019613,-0.017334317397793654,0.00481768524470774,-0.002322881420098916,0.0044381346233504345,0.0034652991819714442,0.002841505476314526,0.0021243046588896182,-0.0037229726195298503
2025-05-20,-0.007987653370019613,-0.017334317397793654,0.00481768524470774,-0.002322881420098916,0.003647823650627069,0.0034705197253014817,0.0024896323083479126,0.0005171998155949431,0.007005754415277454,-0.002821183867224247
2025-05-21,-0.017334317397793654,0.00481768524470774,-0.002322881420098916,0.003647823650627069,-0.002817603609117087,0.002381591104599475,-0.00035882104170843017,0.0019250014830072982,0.0004521881752935486,-0.004579590601663246
2025-05-22,0.00481768524470774,-0.002322881420098916,0.003647823650627069,-0.002817603609117087,-0.005993026161135477,0.000366085393110203,0.0020776763526633864,0.0027633239660319097,0.00458224977888749,-0.005335692870212371
2025-05-23,-0.002322881420098916,0.003647823650627069,-0.002817603609117087,-0.005993026161135477,0.003333892041808817,0.0010819807469601896,0.0012428466860704506,0.0011642595617789163,0.006185219561720208,-0.00414862768364227
2025-05-27,0.003647823650627069,-0.002817603609117087,-0.005993026161135477,0.003333892041808817,-0.007684635321322374,0.0018090143611287596,0.0013647832504030035,0.004034276002790289,0.00011126632337379362,-0.00019029064965137344
2025-05-28,-0.002817603609117087,-0.005993026161135477,0.003333892041808817,-0.007684635321322374,0.008848876532721912,0.002225810154557706,0.004968295730460003,0.0030920926049320327,0.010013097810991436,-0.004131261006528697
2025-05-29,-0.005993026161135477,0.003333892041808817,-0.007684635321322374,0.008848876532721912,-0.017269270230214812,0.004272973685481228,0.0015041779975305204,0.003965503583861282,0.00557768791015193,-0.0006109184073597884
2025-05-30,0.003333892041808817,-0.007684635321322374,0.008848876532721912,-0.017269270230214812,-0.00832135230356983,0.0016719855209239784,0.0026475076634984323,0.004438657175851904,0.005515412656795638,-0.0013757501605972903
2025-06-02,-0.007684635321322374,0.008848876532721912,-0.017269270230214812,-0.00832135230356983,0.020591444041928707,0.003182959057523283,0.0032747489571341897,0.0037593111313846974,0.0042400434389071725,-0.00802819903927565
2025-06-03,0.008848876532721912,-0.017269270230214812,-0.00832135230356983,0.020591444041928707,0.01640331657741944,0.003846772209219756,0.0037954650523218097,0.0038409032603020947,0.0022688301479263226,-0.006708509346128308
2025-06-04,-0.017269270230214812,-0.00832135230356983,0.020591444041928707,0.01640331657741944,-0.01007523619272516,0.003322470874240316,0.0029616825882832487,0.0011516248296077796,-0.0011059644058808774,-0.004565232862084478
2025-06-05,-0.00832135230356983,0.020591444041928707,0.01640331657741944,-0.01007523619272516,0.006947918629535255,0.00282808953733048,0.0009711078487732809,0.0005468513270807507,0.0025874290708833916,-0.006775229310977282
2025-06-06,0.020591444041928707,0.01640331657741944,-0.01007523619272516,0.006947918629535255,0.010658459851481974,-0.0009961531309144657,-0.0006693758549088045,0.0013668633659425973,0.0008690336544721333,-0.0073849985255398124
2025-06-09,0.01640331657741944,-0.01007523619272516,0.006947918629535255,0.010658459851481974,0.005692460680846044,0.0016130047342917042,0.00407787256060985,0.0035749450125683487,0.00306016970743507,-0.005167199709693302
2025-06-10,-0.01007523619272516,0.006947918629535255,0.010658459851481974,0.005692460680846044,-0.003086171473031028,0.003500836160592471,0.0033682176844756087,0.0024802717228712585,0.0035511870962295746,-0.005670401774778977
2025-06-11,0.006947918629535255,0.010658459851481974,0.005692460680846044,-0.003086171473031028,0.028071455095862452,0.0029907952912439583,0.00266574272690647,0.0024017372995595514,0.001319066985760496,-0.007722783489287172
2025-06-12,0.010658459851481974,0.005692460680846044,-0.003086171473031028,0.028071455095862452,-0.0045977092509665906,0.0032808879657992237,0.0022560985350982402,0.0028985043390338,0.005396945049247177,-0.009377269659773568
2025-06-13,0.005692460680846044,-0.003086171473031028,0.028071455095862452,-0.0045977092509665906,0.030670531080091948,0.0004239030874712682,0.0003186534624900904,0.0007915468270056957,-0.0023327165765879435,-0.0044861824411195385
2025-06-16,-0.003086171473031028,0.028071455095862452,-0.0045977092509665906,0.030670531080091948,0.005379249056558167,0.0028633236819629476,0.003663261629195327,0.0027860205213441165,0.0025289147272516766,-0.00494602969118864
2025-06-17,0.028071455095862452,-0.0045977092509665906,0.030670531080091948,0.005379249056558167,0.02437852491577159,0.0032181297512248147,0.0023221510852997024,0.0025985337703790003,0.0016456084183265828,-0.005738424843457507
2025-06-18,-0.0045977092509665906,0.030670531080091948,0.005379249056558167,0.02437852491577159,-0.0013472047142030282,0.0022707407550905025,0.0021322661775585237,0.0032760101099350274,0.0042433457714490756,-0.008305752289153147
2025-06-20,0.030670531080091948,0.005379249056558167,0.02437852491577159,-0.0013472047142030282,0.0020948682775229557,0.0045308104762490815,0.0014132727402377063,0.0037985012580252814,0.006022914702324917,-0.006337899799960476
2025-06-23,0.005379249056558167,0.02437852491577159,-0.0013472047142030282,0.0020948682775229557,-0.038706645488709224,0.0034090997485431798,0.0031959979616367254,0.005831700340264269,0.005606780424180068,-0.0027401701381153
2025-06-24,0.02437852491577159,-0.0013472047142030282,0.0020948682775229557,-0.038706645488709224,-0.045455148064679825,0.005206919474462828,0.005545493641937947,0.004843955503278869,0.00973673177522666,-0.001427891618578868
2025-06-25,-0.0013472047142030282,0.0020948682775229557,-0.038706645488709224,-0.045455148064679825,-0.006688987959302202,0.005270873817743562,0.003668570007491743,0.0018055475018961035,0.001456611299230651,0.003813685432869796
2025-06-26,0.0020948682775229557,-0.038706645488709224,-0.045455148064679825,-0.006688987959302202,0.006526373193073631,0.006045548855481905,0.0020991615720213582,0.0053380206343097425,0.010426311248761786,-0.0018529635633921062
2025-06-27,-0.038706645488709224,-0.045455148064679825,-0.006688987959302202,0.006526373193073631,-0.0013018716459884678,0.002237237090392656,0.0029068074963928287,0.004367472834965536,0.004701118543148067,0.0018389980723232287
2025-06-30,-0.045455148064679825,-0.006688987959302202,0.006526373193073631,-0.0013018716459884678,-0.0011405296937992211,0.0038893692837801085,0.005734100223175906,0.005636599739780749,0.0039485155147818895,0.004423038807860158
2025-07-01,-0.006688987959302202,0.006526373193073631,-0.0013018716459884678,-0.0011405296937992211,0.0029301666157648515,0.002554890279846061,0.0037583415382334505,0.0032768905571502484,0.009367808136025437,-0.004398008720184131
2025-07-02,0.006526373193073631,-0.0013018716459884678,-0.0011405296937992211,0.0029301666157648515,0.012920076516824532,0.0025095947053634174,0.001853188925465877,0.004894053421774016,0.0008633314608936264,-0.0006407613204141223
2025-07-03,-0.0013018716459884678,-0.0011405296937992211,0.0029301666157648515,0.012920076516824532,-0.00224899700612668,0.0002691117884163519,0.0024940392639147485,-0.0004945328818053927,-0.0003713965180515024,-0.0035355820937368566
2025-07-07,-0.0011405296937992211,0.0029301666157648515,0.012920076516824532,-0.00224899700612668,0.008965797720474252,0.0034666261454485837,0.004346715728149753,0.00635117153867468,0.0046563699052023354,-0.0054637987266088145
2025-07-08,0.0029301666157648515,0.012920076516824532,-0.00224899700612668,0.008965797720474252,0.009044091974146549,0.0008164353235684227,0.0042077912258347725,0.0028724936524528637,0.002829504335773997,-0.003352657254950904
2025-07-09,0.012920076516824532,-0.00224899700612668,0.008965797720474252,0.009044091974146549,-0.003164059063918688,0.003749053842669194,0.0043380968892996205,0.005998806494896347,0.005302496503191261,-0.007992644493661348
2025-07-10,-0.00224899700612668,0.008965797720474252,0.009044091974146549,-0.003164059063918688,-0.012757309140946247,0.0028138083583791225,0.004072503877709651,0.0032965404190018035,0.003359553486075675,-0.00803292692021218
2025-07-11,0.008965797720474252,0.009044091974146549,-0.003164059063918688,-0.012757309140946247,0.017657342947253647,0.00210425180496844,0.002465456454885534,0.002801591170040696,0.0007811441517562911,-0.01481706269997593
2025-07-14,0.009044091974146549,-0.003164059063918688,-0.012757309140946247,0.017657342947253647,-0.006168465363234545,0.0031070444759550204,0.0037736725416784777,0.0017438195783676177,7.361435742055133e-05,-0.010732021498335634
2025-07-15,-0.003164059063918688,-0.012757309140946247,0.017657342947253647,-0.006168465363234545,-0.0058875177507458935,0.002660683432843068,0.0012172389915591378,-0.0005104488399071079,0.007432836863142007,-0.010821998064730201
2025-07-16,-0.012757309140946247,0.017657342947253647,-0.006168465363234545,-0.0058875177507458935,-0.0028767799924207596,0.001586379465140048,-0.00021079211738590583,0.004658816698952318,0.008906865964106793,-0.008908625278982282
2025-07-17,0.017657342947253647,-0.006168465363234545,-0.0058875177507458935,-0.0028767799924207596,0.010191170488918282,-0.0008149157722586984,0.000649947028931184,0.0015881943715199646,0.0004940423889031789,-0.0015124271365486986
2025-07-18,-0.006168465363234545,-0.0058875177507458935,-0.0028767799924207596,0.010191170488918282,0.0007918283577374835,0.00015594875735232944,0.002016562356220797,0.002433659148280796,0.0055299067372177385,-0.004606473869641518
2025-07-21,-0.0058875177507458935,-0.0028767799924207596,0.010191170488918282,0.0007918283577374835,0.0006330115625088954,0.005056893156785464,0.0038818652935181594,0.004339048128875803,0.0050131266972995945,-0.0010706240727069668
2025-07-22,-0.0028767799924207596,0.010191170488918282,0.0007918283577374835,0.0006330115625088954,-0.0057115814289565164,0.0023237526969179805,0.0021635718705454716,0.0016007396955611457,0.0009886098179544694,0.0018215999319381173
2025-07-23,0.010191170488918282,0.0007918283577374835,0.0006330115625088954,-0.0057115814289565164,0.0007952286852605321,0.0035593088153893972,0.002230562681723607,0.004724129206787801,0.008544286893611322,-0.0021180038701787145
2025-07-24,0.0007918283577374835,0.0006330115625088954,-0.0057115814289565164,0.0007952286852605321,0.00539084851599872,0.0018092138907091,0.0016211846605038735,0.0014341362977888616,0.0019085827680457895,0.00290978759259539
2025-07-25,0.0006330115625088954,-0.0057115814289565164,0.0007952286852605321,0.00539084851599872,-0.009213726720643235,0.0016436934849625665,0.00130985086913899,0.0028798565823807483,0.004903457793636895,0.0004946123329574036
2025-07-28,-0.0057115814289565164,0.0007952286852605321,0.00539084851599872,-0.009213726720643235,0.01912648265582134,0.0035424743919526855,0.0043489003279702475,0.004646710680839995,0.003337836487284036,0.00321911560039969
2025-07-29,0.0007952286852605321,0.00539084851599872,-0.009213726720643235,0.01912648265582134,0.02168274551769258,0.003530819347399081,0.00407477867224189,0.0028145881231254203,0.0025149240591741924,0.0036209954433739887
2025-07-30,0.00539084851599872,-0.009213726720643235,0.01912648265582134,0.02168274551769258,0.0019897458165975797,0.004010223904862629,0.002707721810375019,0.004083918228235985,0.009478731899834666,-0.002921194070912464
2025-07-31,-0.009213726720643235,0.01912648265582134,0.02168274551769258,0.0019897458165975797,-0.009834129996597942,0.003308594260522159,0.002869336050960039,0.0070042525684493465,0.009063243667532077,-0.005097295661764625
2025-08-01,0.01912648265582134,0.02168274551769258,0.0019897458165975797,-0.009834129996597942,-0.02787091291617496,0.00028481550053214655,0.0025548651092288303,0.0023576430976618218,0.0033500174928601935,-0.009289840569597908
2025-08-04,0.02168274551769258,0.0019897458165975797,-0.009834129996597942,-0.02787091291617496,-0.0036586375706634997,0.004593439167022323,0.0038921923258189066,0.0029946033958758436,0.001783175149377709,-0.006124725647529482
2025-08-05,0.0019897458165975797,-0.009834129996597942,-0.02787091291617496,-0.0036586375706634997,-0.011379239871846948,0.004003461661227201,0.0025553197535025628,0.001946379071757215,0.003795155925678943,-0.0068134225762979525
2025-08-06,-0.009834129996597942,-0.02787091291617496,-0.0036586375706634997,-0.011379239871846948,-0.008417013234355699,0.0028867669655863364,0.0022510174789386905,0.003252010975181124,0.0032086199774022817,-0.008985834049786498
2025-08-07,-0.02787091291617496,-0.0036586375706634997,-0.011379239871846948,-0.008417013234355699,-0.00048776526319441096,0.0031906922052796043,0.003054719220028872,0.0038711646348678916,0.004741329652950078,-0.010068389784838367
2025-08-08,-0.0036586375706634997,-0.011379239871846948,-0.008417013234355699,-0.00048776526319441096,-0.0026054402142842705,0.00012092987393597125,0.0020018815937209,0.0026086211574281957,0.001986202134543583,-0.009411819478250072
2025-08-11,-0.011379239871846948,-0.008417013234355699,-0.00048776526319441096,-0.0026054402142842705,0.004555075475647485,0.003933358083718184,0.005236094841772686,0.004644986493559681,0.004508435370694427,-0.006443910049531099
2025-08-12,-0.008417013234355699,-0.00048776526319441096,-0.0026054402142842705,0.004555075475647485,-0.004229023946047272,0.0029459449220535856,0.003355921051376547,0.003324518608829618,0.00633120651971988,-0.0072062944846307585
2025-08-13,-0.00048776526319441096,-0.0026054402142842705,0.004555075475647485,-0.004229023946047272,-0.005557386227800292,0.0025822022348990464,0.0038396609854641803,0.006234937823405457,0.008517867708888243,-0.008900355682446228
2025-08-14,-0.0026054402142842705,0.004555075475647485,-0.004229023946047272,-0.005557386227800292,0.008487075653809163,0.00254510310484613,0.003675845889035037,0.004334818678599231,0.009736438118025634,-0.005486243051360853
2025-08-15,0.004555075475647485,-0.004229023946047272,-0.005557386227800292,0.008487075653809163,-0.009142920725597118,0.0007089485288838878,0.0011026282567134468,0.0032734358899353133,0.003790922280299499,-0.000858027009114777
2025-08-18,-0.004229023946047272,-0.005557386227800292,0.008487075653809163,-0.009142920725597118,0.00816731075444766,0.0024392674764325464,0.004990871152176787,0.00532466447554162,0.0034508866438614136,-0.00141129579161799
2025-08-19,-0.005557386227800292,0.008487075653809163,-0.009142920725597118,0.00816731075444766,-0.009644537566185107,0.005031089079020964,0.005510375387022312,0.00365248886721445,0.008508728677282007,-0.005668614660955586
2025-08-20,0.008487075653809163,-0.009142920725597118,0.00816731075444766,-0.009644537566185107,0.01354127895987632,0.004391234422019323,0.003348908412538459,0.0030957085214136032,0.0031707020157075738,-0.0009648681512479473
2025-08-21,-0.009142920725597118,0.00816731075444766,-0.009644537566185107,0.01354127895987632,0.008873172471003997,0.002471242288327548,0.0018670431216030628,0.0007055654406117031,0.0037490950071161237,-0.0012667047540989135
2025-08-22,0.00816731075444766,-0.009644537566185107,0.01354127895987632,0.008873172471003997,0.0009632365248161191,0.0005622733118193105,-0.0001286845152031349,0.0018199811466174578,0.003481210420582429,-0.004430198793295243
2025-08-25,-0.009644537566185107,0.01354127895987632,0.008873172471003997,0.0009632365248161191,0.012121360393303568,0.0015298976488497247,0.0035393527110282002,0.0034644987039047174,0.0042394805085405616,-0.0010968665387215701
2025-08-26,0.01354127895987632,0.008873172471003997,0.0009632365248161191,0.012121360393303568,-0.019529995436197115,0.0023686434439734944,0.002231232587213449,0.0012238600437635358,0.000785371242287498,0.0017889997875212866
2025-08-27,0.008873172471003997,0.0009632365248161191,0.012121360393303568,-0.019529995436197115,0.005641991495746741,0.0025873189494330065,0.002211368512921502,0.004400443197210804,0.007506378065260543,-0.0009419392921142143
2025-08-28,0.0009632365248161191,0.012121360393303568,-0.019529995436197115,0.005641991495746741,0.007047923064957023,0.0016392365814521634,0.0017571168745985706,0.0014540808656171615,-0.00026186487291088995,0.0022005241719978753
2025-08-29,0.012121360393303568,-0.019529995436197115,0.005641991495746741,0.007047923064957023,-0.0091398058617148,0.002249138597239979,0.0028226736595229735,0.004071543199152007,0.0024777659354871407,-0.0019723126669315056
2025-09-02,-0.019529995436197115,0.005641991495746741,0.007047923064957023,-0.0091398058617148,0.024189594262836782,0.002451617334899294,0.0026444211165604988,0.0017116245235718462,0.0004852145159427621,-0.006037023875667154
2025-09-03,0.005641991495746741,0.007047923064957023,-0.0091398058617148,0.024189594262836782,-0.015688461078302428,0.002791344893470231,0.001881363105255984,0.0015881185974743425,0.0001450889469868624,-0.009714549638012734
2025-09-04,0.007047923064957023,-0.0091398058617148,0.024189594262836782,-0.015688461078302428,-0.010113257458828085,0.0010809309224665193,2.9067084412666633e-05,0.0008302792941423583,-0.0013437016722081026,-0.009856676576982481
2025-09-05,-0.0091398058617148,0.024189594262836782,-0.015688461078302428,-0.010113257458828085,-0.017907038085731658,0.0005872758627413647,0.0024464987850078275,0.0028037159896452672,0.0023537403410213917,-0.014374743638480965
2025-09-08,0.024189594262836782,-0.015688461078302428,-0.010113257458828085,-0.017907038085731658,0.00850512141320011,0.005307165128299726,0.004999012273687392,0.005569899177282556,0.003236117827951274,-0.008414515574983395
2025-09-09,-0.015688461078302428,-0.010113257458828085,-0.017907038085731658,0.00850512141320011,0.005198192087325888,0.0033329130096761087,0.004630508144773349,0.0034194212747714076,0.009110349428903906,-0.005823565505016596
2025-09-10,-0.010113257458828085,-0.017907038085731658,0.00850512141320011,0.005198192087325888,0.012078414076429136,0.004004451181117089,0.002601553720058844,0.003865013827476031,0.005456344035196984,-0.005296225866782248
2025-09-11,-0.017907038085731658,0.00850512141320011,0.005198192087325888,0.012078414076429136,-0.016462605435527487,0.002447283793632715,0.0030044647717578196,0.004526582336942157,0.006025239313703758,-0.005229732961876211
2025-09-12,0.00850512141320011,0.005198192087325888,0.012078414076429136,-0.016462605435527487,0.005841327576967212,0.0010354088124287979,0.0032711388089190683,0.0038380807426511556,0.007745933646488768,-0.0077756229075090465
2025-09-15,0.005198192087325888,0.012078414076429136,-0.016462605435527487,0.005841327576967212,0.006450594952348702,0.004820785425730006,0.004867717614720515,0.005807714839594699,0.003977808344972158,0.0008483586143562798
2025-09-16,0.012078414076429136,-0.016462605435527487,0.005841327576967212,0.006450594952348702,0.012936377637808666,0.003539448149618534,0.0047676880086815155,0.002234418505650659,0.0053282533860484526,0.0011338773158116253
2025-09-17,-0.016462605435527487,0.005841327576967212,0.006450594952348702,0.012936377637808666,-0.010207424932991592,0.004312830309090572,0.0020930849655115425,0.00435569062635613,0.008507056404399731,-0.0017483822707371934
2025-09-18,0.005841327576967212,0.006450594952348702,0.012936377637808666,-0.010207424932991592,-0.006594314450854785,0.0017964801803295818,0.002570001826972107,0.0036024211010211938,0.003008261339856807,0.000402945140105497
2025-09-19,0.006450594952348702,0.012936377637808666,-0.010207424932991592,-0.006594314450854785,-0.012013131452310241,0.0008283794369292876,0.002498772388729867,0.001665405764263475,0.005154355884254775,-0.002204127234585525
2025-09-22,0.012936377637808666,-0.010207424932991592,-0.006594314450854785,-0.012013131452310241,0.0009794319816466685,0.004495249375786541,0.003414515364156756,0.004795355760896816,0.0029888207087609836,-0.004025408073315767
2025-09-23,-0.010207424932991592,-0.006594314450854785,-0.012013131452310241,0.0009794319816466685,0.010388017300972193,0.0035687999734429366,0.004806867123177061,0.002751899127748396,0.008546484078740433,-0.00518340119698423
2025-09-24,-0.006594314450854785,-0.012013131452310241,0.0009794319816466685,0.010388017300972193,0.01187814930431042,0.004080569225174634,0.0017798650821148866,0.0016822994435282512,0.0008310931440994894,-0.0015961388411920776
2025-09-25,-0.012013131452310241,0.0009794319816466685,0.010388017300972193,0.01187814930431042,0.001435063677717461,0.0018380271682023343,0.001540080212295324,0.0032915207162217542,0.007496343379191175,-0.006953313001049167
2025-09-26,0.0009794319816466685,0.010388017300972193,0.01187814930431042,0.001435063677717461,0.009830426251541369,0.00040804533642189924,0.0018450961787352625,0.004855831315121102,0.006861179633782005,-0.006533860920920576
2025-09-29,0.010388017300972193,0.01187814930431042,0.001435063677717461,0.009830426251541369,-0.023951327620574545,0.003851679955191914,0.00606082479820174,0.006157798271798627,0.006184064859654743,-0.002575565837958398
2025-09-30,0.01187814930431042,0.001435063677717461,0.009830426251541369,-0.023951327620574545,-0.01350382559943329,0.004870648418464333,0.005178457799029037,0.005024556779461698,0.00499670811343505,0.0006507556350097252
2025-10-01,0.001435063677717461,0.009830426251541369,-0.023951327620574545,-0.01350382559943329,-0.0057495025369783785,0.0034540138308584182,0.0027778070343089725,0.002565278403332379,0.006078786655535251,-0.007763198061578465
2025-10-02,0.009830426251541369,-0.023951327620574545,-0.01350382559943329,-0.0057495025369783785,-0.012766483830926895,0.003417594569664664,0.0012574613757001165,0.00343768963680849,0.0021756477363559044,-0.008002665021258524
2025-10-03,-0.023951327620574545,-0.01350382559943329,-0.0057495025369783785,-0.012766483830926895,0.003996674771362402,0.0014444743422346474,0.0024275175176764674,0.003995959768516688,0.00436837268453154,-0.010034695767347711
2025-10-06,-0.01350382559943329,-0.0057495025369783785,-0.012766483830926895,0.003996674771362402,0.011730824632882499,0.004529789230893725,0.004990560714564273,0.004563549059060682,0.002083122644966713,-0.005789618208190055
2025-10-07,-0.0057495025369783785,-0.012766483830926895,0.003996674771362402,0.011730824632882499,-0.002631580424666374,0.0030176562727382244,0.00370094151880206,0.0017900059567256973,0.0025350332847902104,-0.006610842107393996
2025-10-08,-0.012766483830926895,0.003996674771362402,0.011730824632882499,-0.002631580424666374,0.007220247927561632,0.0033739489815802887,0.0022239307484711356,0.0033669604645837135,0.005973243111159117,-0.006757631378817901
2025-10-09,0.003996674771362402,0.011730824632882499,-0.002631580424666374,0.007220247927561632,-0.010023911206640007,0.00037292275530642854,0.0007788285860680171,0.000953751921610817,0.0004377846828740854,-0.002570587299625278
2025-10-10,0.011730824632882499,-0.002631580424666374,0.007220247927561632,-0.010023911206640007,-0.033588380864238106,-0.0009768936758239185,4.1342217609510325e-05,0.0007900195473664276,3.9770365002229254e-05,-0.00372722383190257
2025-10-13,-0.002631580424666374,0.007220247927561632,-0.010023911206640007,-0.033588380864238106,0.012053452165566154,0.002023993718764278,0.0035010663668625613,0.0036723296062466724,0.0031430463244130295,-0.0048537987813883346
2025-10-14,0.007220247927561632,-0.010023911206640007,-0.033588380864238106,0.012053452165566154,-0.010346966639816586,0.003186933655300393,0.003885257034190017,0.003340567761447513,0.006602305079441239,-0.008157784718210123
2025-10-15,-0.010023911206640007,-0.033588380864238106,0.012053452165566154,-0.010346966639816586,-0.00410046711609211,0.004384624250862999,0.003976935239186963,0.005417981916985724,0.008023207397637431,-0.007203208986468543
2025-10-16,-0.033588380864238106,0.012053452165566154,-0.010346966639816586,-0.00410046711609211,-0.013270336661345559,0.0036479998449476846,0.0031557034741651374,0.005157869282909915,0.005712150396174881,-0.0058015978488283665
2025-10-17,0.012053452165566154,-0.010346966639816586,-0.00410046711609211,-0.013270336661345559,0.007948892723426906,0.0005041630090329366,0.003847870801784311,0.0035016348033016917,0.006280122227661998,-0.006105015481074146
2025-10-20,-0.010346966639816586,-0.00410046711609211,-0.013270336661345559,0.007948892723426906,-0.0006887052502300428,0.0038297752255467615,0.003394151810429134,0.003327954922469489,0.0043504525160328175,-0.002928878450597901
2025-10-21,-0.00410046711609211,-0.013270336661345559,0.007948892723426906,-0.0006887052502300428,-0.0008615491257180728,0.0023109896208183592,0.002767634958620553,0.0027767585207849497,0.006230051577335517,-0.0024435585358911728
