rank,model_id,sharpe_ratio,direction_accuracy,ic,rank_ic,ic_decay,max_drawdown,total_return,annual_return,win_rate,profit_factor,num_trades,total_costs,buy_hold_return,excess_return,mse,rmse,mae,sortino_ratio,ic_first_half,ic_second_half,ic_mean,ic_std_approx,icir
3,long_term_forecast_WTI-log_Informer_pl5_Informer_custom_ftMS_sl512_ll48_pl5_dm64_nh4_el2_dl1_df128_expand2_dc4_fc3_ebtimeF_dtTrue_ModelComparison_2,0.0041616203417754,0.5323019221753399,0.0343945330007557,0.0529097194447119,0.0201188177604955,0.9999710691411344,1.483472794307406,0.0217266868825933,0.5112687002137167,1.060506486977048,974,1.5930000000000004,-0.964742623554914,2.44821541786232,0.0007751514414428,0.0278415416498944,0.0167565470231986,0.004692888490984,0.0529031813556522,0.0327843635951566,0.0428437724754044,0.0100594088802478,3.873965863756402
13,long_term_forecast_WTI-log_DLinear_horizon1_DLinear_custom_ftMS_sl512_ll48_pl1_dm512_nh8_el2_dl1_df2048_expand2_dc4_fc1_ebtimeF_dtTrue_Horizon1_0,-0.6391234385509797,0.5170800187178287,0.0311887272650961,0.0346034291074062,-0.0210587190501594,0.9048329893177516,-0.9042247973979782,-0.2416547015476967,0.4176300578034682,0.8984971757857864,1219,2.8515,-0.4904042182644351,-0.4138205791335431,0.0007775568336197,0.027884706088101,0.0170153297666265,-0.846631066602253,0.0239320146444203,0.0449907336945797,0.0344613741695,0.010529359525079699,2.9890102823610043
1,long_term_forecast_WTI-log_Transformer_pl5_Transformer_custom_ftMS_sl512_ll48_pl5_dm64_nh4_el2_dl1_df128_expand2_dc4_fc1_ebtimeF_dtTrue_ModelComparison_1,0.0991688571938459,0.5327707454289733,0.0309118029138327,0.0553088186723807,0.0176949090814536,0.9999736382782344,11.67953764760063,0.061854204170314,0.5336706889840405,1.0811642039131235,76,0.1155,-0.964742623554914,12.644280271155544,0.0007800324005563,0.0279290601445231,0.0168649066548031,0.1106873663433425,0.0589309353239386,0.041236026242485,0.0500834807832118,0.008847454540726801,5.085931656356276
4,long_term_forecast_WTI-log_Informer_pl5_Informer_custom_ftMS_sl512_ll48_pl5_dm64_nh4_el2_dl1_df128_expand2_dc4_fc3_ebtimeF_dtTrue_ModelComparison_0,-0.0424477927913092,0.5361462728551336,0.0292128236483977,0.0587380906668176,0.0217057842028453,0.9999736382782344,0.0980258477378897,0.0022120537395251,0.522202486678508,1.0504030497213748,510,0.7665,-0.964742623554914,1.0627684712928038,0.0007600270660297,0.0275685883938538,0.0164586394799327,-0.0467310604035841,0.0518194379471221,0.0301136537442768,0.04096654584569945,0.01085289210142265,3.456248947105696
2,long_term_forecast_WTI-log_Transformer_pl5_Transformer_custom_ftMS_sl512_ll48_pl5_dm64_nh4_el2_dl1_df128_expand2_dc4_fc1_ebtimeF_dtTrue_ModelComparison_2,0.0798158715206551,0.5323019221753399,0.0272834676987486,0.0516328491272442,0.000860516449968,0.9999736382782344,8.125379098991727,0.0536332638409344,0.5286904875945971,1.0761630662193793,156,0.2355,-0.964742623554914,9.09012172254664,0.00077476209224,0.0278345485366662,0.0167578318099003,0.0910939935034728,0.0403948687889615,0.0395343523389935,0.0399646105639775,0.0004302582249839995,27.94223439227178
15,long_term_forecast_WTI-log_HP_seqlen128_DLinear_custom_ftMS_sl128_ll48_pl5_dm512_nh8_el2_dl1_df2048_expand2_dc4_fc1_ebtimeF_dtTrue_HP_SeqLen_1,-0.6583430924690233,0.5141115799343647,0.026911039841808,0.0368495464875781,-0.0942349826711496,0.9999977012017656,-0.999994643523742,-0.2493278395659136,0.3897776436261193,0.887794037636975,6377,13.263,-0.964742623554914,-0.0352520199688277,0.0007620685492218,0.0276055890939115,0.0166008367258759,-0.784582068458442,0.0013064011254554,0.0955413837966051,0.048423892461030245,0.04711749133557485,1.0063677701590577
63,long_term_forecast_WTI-log_DLinear_horizon1_DLinear_custom_ftMS_sl512_ll48_pl1_dm512_nh8_el2_dl1_df2048_expand2_dc4_fc1_ebtimeF_dtTrue_Horizon1_1,-0.9310097050546332,0.5194197473093122,0.0261462969062247,0.0421509372450734,-0.026124842493734,0.9805596407949788,-0.9804014379246898,-0.3710514576528361,0.4318289786223278,0.8202956557431197,1286,3.1635,-0.4904042182644351,-0.4899972196602546,0.000795743587618,0.0282089274453684,0.0172582147919928,-1.0206082511888783,0.0173229589266733,0.0434478014204074,0.03038538017354035,0.013062421246867049,2.160750246356748
74,long_term_forecast_WTI-log_DLinear_horizon3_DLinear_custom_ftMS_sl512_ll48_pl3_dm512_nh8_el2_dl1_df2048_expand2_dc4_fc1_ebtimeF_dtTrue_Horizon3_1,-0.9551660843196236,0.5189695550351288,0.0250867985109325,0.0368736593526537,-0.0243726840292923,0.9999944825921852,-0.999994423084798,-0.3787008647358111,0.4273937856689918,0.8133640220841587,3858,9.4755,-0.8661203604644114,-0.1338740626203867,0.0007951673209025,0.0281987113340765,0.0172761219460148,-1.0710021021454774,0.0168117509950199,0.0411844350243122,0.028998093009666052,0.012186342014646152,2.199100628321159
55,long_term_forecast_WTI-log_HP_lr0.001_DLinear_custom_ftMS_sl512_ll48_pl5_dm512_nh8_el2_dl1_df2048_expand2_dc4_fc1_ebtimeF_dtTrue_HP_LR_1,-0.9148165493587372,0.5187998124706985,0.0242734049899971,0.0408190512875653,-0.0267904422237506,0.9999999952138248,-0.9999999951748756,-0.3639486421377382,0.426079496711467,0.8238769058907975,6480,15.8295,-0.964742623554914,-0.0352573716199615,0.000796549340203,0.0282232057038713,0.0173041570328833,-1.0350871096007035,0.0151434295579724,0.0419338717817231,0.028538650669847752,0.01339522111187535,1.9825086706243622
52,long_term_forecast_WTI-log_HP_seqlen512_DLinear_custom_ftMS_sl512_ll48_pl5_dm512_nh8_el2_dl1_df2048_expand2_dc4_fc1_ebtimeF_dtTrue_HP_SeqLen_1,-0.9148165493587372,0.5187998124706985,0.0242734049899971,0.0408190512875653,-0.0267904422237506,0.9999999952138248,-0.9999999951748756,-0.3639486421377382,0.426079496711467,0.8238769058907975,6480,15.8295,-0.964742623554914,-0.0352573716199615,0.000796549340203,0.0282232057038713,0.0173041570328833,-1.0350871096007035,0.0151434295579724,0.0419338717817231,0.028538650669847752,0.01339522111187535,1.9825086706243622
54,long_term_forecast_WTI-log_DLinear_pl5_DLinear_custom_ftMS_sl512_ll48_pl5_dm512_nh8_el2_dl1_df2048_expand2_dc4_fc1_ebtimeF_dtTrue_ModelComparison_1,-0.9148165493587372,0.5187998124706985,0.0242734049899971,0.0408190512875653,-0.0267904422237506,0.9999999952138248,-0.9999999951748756,-0.3639486421377382,0.426079496711467,0.8238769058907975,6480,15.8295,-0.964742623554914,-0.0352573716199615,0.000796549340203,0.0282232057038713,0.0173041570328833,-1.0350871096007035,0.0151434295579724,0.0419338717817231,0.028538650669847752,0.01339522111187535,1.9825086706243622
53,long_term_forecast_WTI-log_DLinear_horizon5_DLinear_custom_ftMS_sl512_ll48_pl5_dm512_nh8_el2_dl1_df2048_expand2_dc4_fc1_ebtimeF_dtTrue_Horizon5_1,-0.9148165493587372,0.5187998124706985,0.0242734049899971,0.0408190512875653,-0.0267904422237506,0.9999999952138248,-0.9999999951748756,-0.3639486421377382,0.426079496711467,0.8238769058907975,6480,15.8295,-0.964742623554914,-0.0352573716199615,0.000796549340203,0.0282232057038713,0.0173041570328833,-1.0350871096007035,0.0151434295579724,0.0419338717817231,0.028538650669847752,0.01339522111187535,1.9825086706243622
73,long_term_forecast_WTI-log_DLinear_horizon1_DLinear_custom_ftMS_sl512_ll48_pl1_dm512_nh8_el2_dl1_df2048_expand2_dc4_fc1_ebtimeF_dtTrue_Horizon1_2,-0.9538812778480164,0.5072531586335985,0.0241037832511812,0.0273944691914258,-0.0069782241872678,0.9803476283340096,-0.9796797771084448,-0.3683638211563722,0.4093511450381679,0.8130125186758579,1331,3.123,-0.4904042182644351,-0.4892755588440096,0.000776981540448,0.0278743886111976,0.0169893682351731,-1.1414943617538915,0.0221011872197508,0.0290794114070186,0.025590299313384697,0.0034891120936339,5.700525801009695
5,long_term_forecast_WTI-log_Informer_pl5_Informer_custom_ftMS_sl512_ll48_pl5_dm64_nh4_el2_dl1_df128_expand2_dc4_fc3_ebtimeF_dtTrue_ModelComparison_1,-0.0982840871033576,0.5294889826535396,0.0234891882807053,0.0495514988116557,0.019906378280644,0.9999681265330778,-0.5508291641476224,-0.018733574322011,0.4867528613819415,1.0375773253867526,1384,2.0835,-0.964742623554914,0.4139134594072917,0.0007552771974365,0.0274823069889799,0.0165534464786847,-0.1074788802332864,0.0463349914991061,0.026428613218462,0.03638180235878405,0.009953189140322052,3.3215716347717823
14,long_term_forecast_WTI-log_HP_seqlen128_DLinear_custom_ftMS_sl128_ll48_pl5_dm512_nh8_el2_dl1_df2048_expand2_dc4_fc1_ebtimeF_dtTrue_HP_SeqLen_0,-0.6439992144680592,0.5031411157993436,0.0226288467896617,0.0247503895514751,-0.0799174593526103,0.999990223962166,-0.999988848215591,-0.2362077884946362,0.3673036093418259,0.8846760822843088,6369,12.519000000000002,-0.964742623554914,-0.0352462246606768,0.0007591306793585,0.0275523262059403,0.0165925644368864,-0.8000087511735269,0.0017792699197328,0.0816967292723432,0.041737999596038,0.0399587296763052,1.0190257345843323
70,long_term_forecast_WTI-log_HP_lr0.005_DLinear_custom_ftMS_sl512_ll48_pl5_dm512_nh8_el2_dl1_df2048_expand2_dc4_fc1_ebtimeF_dtTrue_HP_LR_1,-0.9417117678299038,0.5165494608532584,0.0224120915549623,0.0407772695447852,-0.0316798309163541,0.9999999970032464,-0.999999996978859,-0.3709464976410542,0.4279038718291055,0.8186367304646816,6317,15.5715,-0.964742623554914,-0.0352573734239448,0.0008046064113412,0.0283655849814749,0.017428961618507,-1.0529867221391316,0.01175090481908,0.0434307357354342,0.027590820277257098,0.0158399154581771,1.6384179805284942
57,long_term_forecast_WTI-log_DLinear_pl5_DLinear_custom_ftMS_sl512_ll48_pl5_dm512_nh8_el2_dl1_df2048_expand2_dc4_fc1_ebtimeF_dtTrue_ModelComparison_2,-0.916639967281415,0.5187060478199719,0.0213131489173167,0.0405414988922613,-0.0312050711744645,0.9999999949637028,-0.999999994922718,-0.3631826072991173,0.4286666666666666,0.8245124624876589,6474,15.9645,-0.964742623554914,-0.0352573713678039,0.0007983910861336,0.0282558150852822,0.0173074435094744,-1.0384331099691446,0.0106302038045166,0.0418352749789812,0.026232739391748902,0.0156025355872323,1.5800441597560817
56,long_term_forecast_WTI-log_HP_lr0.001_DLinear_custom_ftMS_sl512_ll48_pl5_dm512_nh8_el2_dl1_df2048_expand2_dc4_fc1_ebtimeF_dtTrue_HP_LR_2,-0.916639967281415,0.5187060478199719,0.0213131489173167,0.0405414988922613,-0.0312050711744645,0.9999999949637028,-0.999999994922718,-0.3631826072991173,0.4286666666666666,0.8245124624876589,6474,15.9645,-0.964742623554914,-0.0352573713678039,0.0007983910861336,0.0282558150852822,0.0173074435094744,-1.0384331099691446,0.0106302038045166,0.0418352749789812,0.026232739391748902,0.0156025355872323,1.5800441597560817
59,long_term_forecast_WTI-log_DLinear_horizon5_DLinear_custom_ftMS_sl512_ll48_pl5_dm512_nh8_el2_dl1_df2048_expand2_dc4_fc1_ebtimeF_dtTrue_Horizon5_2,-0.916639967281415,0.5187060478199719,0.0213131489173167,0.0405414988922613,-0.0312050711744645,0.9999999949637028,-0.999999994922718,-0.3631826072991173,0.4286666666666666,0.8245124624876589,6474,15.9645,-0.964742623554914,-0.0352573713678039,0.0007983910861336,0.0282558150852822,0.0173074435094744,-1.0384331099691446,0.0106302038045166,0.0418352749789812,0.026232739391748902,0.0156025355872323,1.5800441597560817
58,long_term_forecast_WTI-log_HP_seqlen512_DLinear_custom_ftMS_sl512_ll48_pl5_dm512_nh8_el2_dl1_df2048_expand2_dc4_fc1_ebtimeF_dtTrue_HP_SeqLen_2,-0.916639967281415,0.5187060478199719,0.0213131489173167,0.0405414988922613,-0.0312050711744645,0.9999999949637028,-0.999999994922718,-0.3631826072991173,0.4286666666666666,0.8245124624876589,6474,15.9645,-0.964742623554914,-0.0352573713678039,0.0007983910861336,0.0282558150852822,0.0173074435094744,-1.0384331099691446,0.0106302038045166,0.0418352749789812,0.026232739391748902,0.0156025355872323,1.5800441597560817
50,long_term_forecast_WTI-log_HP_lr0.005_DLinear_custom_ftMS_sl512_ll48_pl5_dm512_nh8_el2_dl1_df2048_expand2_dc4_fc1_ebtimeF_dtTrue_HP_LR_0,-0.9139505345187344,0.5181434599156118,0.0206117451760894,0.0406124271334018,-0.033974395085093,0.9999999941905632,-0.9999999941432868,-0.3610300549621879,0.429523175026173,0.825320038958296,6343,15.604500000000002,-0.964742623554914,-0.0352573705883727,0.000805066594796,0.0283736954730272,0.0174182573645623,-1.032038776940695,0.009150322059191,0.043124717144284,0.0261375196017375,0.0169871975425465,1.4531179490252675
64,long_term_forecast_WTI-log_HP_lr0.005_DLinear_custom_ftMS_sl512_ll48_pl5_dm512_nh8_el2_dl1_df2048_expand2_dc4_fc1_ebtimeF_dtTrue_HP_LR_2,-0.9318062995468356,0.5142991092358181,0.0202778500367994,0.0400530402385618,-0.0360637538909896,0.999999996813158,-0.999999996787224,-0.3700317035031469,0.4289651240140644,0.8211681893731855,6301,15.5715,-0.964742623554914,-0.0352573732323099,0.0008078692452363,0.0284230407457805,0.0174607931906636,-1.0529015575586127,0.0080306825837893,0.0440944364747789,0.026062559529284098,0.0180318769454948,1.369416143448405
94,long_term_forecast_WTI-log_DLinear_horizon21_DLinear_custom_ftMS_sl512_ll48_pl21_dm512_nh8_el2_dl1_df2048_expand2_dc4_fc1_ebtimeF_dtTrue_Horizon21_0,-2.4817382244691624,0.5121353217715995,0.0176824944421412,0.0253863520107174,-0.015840905363667,1.0,-1.0,-1.0,0.4153392194379769,0.8453459255954352,27183,65.0055,-0.9999971120406485,-2.8879593515496182e-06,0.0007908975191619,0.0281229002622766,0.0171897087336071,-3.0603520253349688,0.0120063454066525,0.0278472507703196,0.01992679808848605,0.00792045268183355,2.2338326090857317
46,long_term_forecast_WTI-log_iTransformer_pl5_iTransformer_custom_ftMS_sl512_ll48_pl5_dm64_nh4_el2_dl1_df64_expand2_dc4_fc1_ebtimeF_dtTrue_ModelComparison_2,-0.8869693499896024,0.5146741678387248,0.0176359283046343,0.028995743252624,-0.0145182846861847,0.9999999677071186,-0.9999999615979638,-0.3319976492617595,0.4075382803297998,0.8296381232042189,6598,15.066,-0.964742623554914,-0.0352573380430496,0.0007723132411722,0.0277905243054582,0.0168355622132558,-1.036735407995439,0.0126716568239313,0.0271899415101161,0.0199307991670237,0.0072591423430924005,2.413180247909516
32,long_term_forecast_WTI-log_HP_lr0.0005_DLinear_custom_ftMS_sl512_ll48_pl5_dm512_nh8_el2_dl1_df2048_expand2_dc4_fc1_ebtimeF_dtTrue_HP_LR_1,-0.8241027649255365,0.5138302859821847,0.016350844663471,0.0215932988459633,-0.0113535581850537,0.99999967196592,-0.99999967184669,-0.297262101443114,0.3936159600997506,0.8456628712897382,6546,14.3535,-0.964742623554914,-0.0352570482917758,0.0007648152993722,0.0276552942376717,0.0167073859570396,-1.0203024001726642,0.0122646019096106,0.0236181600946644,0.0179413810021375,0.0056767790925269,2.6871311381589216
75,long_term_forecast_WTI-log_HP_seqlen256_DLinear_custom_ftMS_sl256_ll48_pl5_dm512_nh8_el2_dl1_df2048_expand2_dc4_fc1_ebtimeF_dtTrue_HP_SeqLen_1,-0.9585146576031182,0.5052977027660572,0.0163496132956441,0.0059543869330129,-0.0027901890613942,0.9999999923565656,-0.999999991961944,-0.356232115828582,0.3856985918306202,0.8047991247625208,6596,14.16,-0.964742623554914,-0.0352573684070297,0.0007671963857406,0.0276983101603806,0.0167814002738127,-1.1220143963937768,0.0156902507686107,0.018480439830005,0.01708534529930785,0.0013950945306971507,7.133474307727948
51,long_term_forecast_WTI-log_HP_seqlen256_DLinear_custom_ftMS_sl256_ll48_pl5_dm512_nh8_el2_dl1_df2048_expand2_dc4_fc1_ebtimeF_dtTrue_HP_SeqLen_0,-0.9142585935444126,0.4974214721050164,0.0155119194777164,0.0007996191776534,0.0037135744721184,0.9999999768678998,-0.9999999770453488,-0.340070767095272,0.3777423214998006,0.8172216607853483,6679,14.3235,-0.964742623554914,-0.0352573534904345,0.0007679477228339,0.0277118697101795,0.0168122407665796,-1.1195738036386254,0.0165153837179879,0.0128018092458694,0.01465859648192865,0.0018567872360592498,5.131147429148143
66,long_term_forecast_WTI-log_DLinear_horizon3_DLinear_custom_ftMS_sl512_ll48_pl3_dm512_nh8_el2_dl1_df2048_expand2_dc4_fc1_ebtimeF_dtTrue_Horizon3_0,-0.9370554352883512,0.5124121779859485,0.0153990290235754,0.0240101446193366,-0.0084353387830731,0.999989943576298,-0.9999898351138612,-0.3638520501867712,0.4148422408242112,0.8165571640327024,3928,9.4185,-0.8661203604644114,-0.1338694746494496,0.0007861747363534,0.028038807684233,0.0170835108790219,-1.103405726209145,0.0123685400577465,0.0208038788408196,0.01658620944928305,0.00421766939153655,3.1788540447171916
48,long_term_forecast_WTI-log_DLinear_horizon10_DLinear_custom_ftMS_sl512_ll48_pl10_dm512_nh8_el2_dl1_df2048_expand2_dc4_fc1_ebtimeF_dtTrue_Horizon10_0,-0.9012841955161532,0.5139567669172932,0.0150322966622347,0.0295100846318453,-0.0291244594418204,0.9999999999999998,-0.9999999999999998,-0.3474273059615472,0.4143822393822394,0.8266921217910298,13246,31.6575,-0.9983180006063498,-0.0016819993936499,0.0007865319887231,0.0280451776375756,0.0171019532928355,-1.0608012437434349,0.004724406366045,0.0338488658078655,0.01928663608695525,0.014562229720910251,1.2393234409745724
95,long_term_forecast_WTI-log_DLinear_horizon21_DLinear_custom_ftMS_sl512_ll48_pl21_dm512_nh8_el2_dl1_df2048_expand2_dc4_fc1_ebtimeF_dtTrue_Horizon21_2,-2.498205770117241,0.5130350675934049,0.0145427438194533,0.022537257087811,-0.0129471669057671,1.0,-1.0,-1.0,0.4131769703125721,0.827354760125308,27922,66.5025,-0.9999971120406485,-2.8879593515496182e-06,0.0007881973884658,0.0280748533115633,0.0171427494973079,-3.0054868366953817,0.009932275227281,0.0228794421330482,0.0164058586801646,0.0064735834528836,2.195179699750938
17,long_term_forecast_WTI-log_HP_seqlen128_DLinear_custom_ftMS_sl128_ll48_pl5_dm512_nh8_el2_dl1_df2048_expand2_dc4_fc1_ebtimeF_dtTrue_HP_SeqLen_2,-0.6886699449315713,0.5058602906704173,0.013826418782119,0.024568916411862,-0.089156228724822,0.9999962151297156,-0.9999956733958588,-0.2531056512426571,0.3719944921088867,0.8719973047473967,6288,12.231,-0.964742623554914,-0.0352530498409445,0.0007603388436757,0.0275742423953187,0.0165790009848927,-0.8022935714463819,-0.0097150939133163,0.0794411348115057,0.0348630204490947,0.044578114362411006,0.764907037879715
43,long_term_forecast_WTI-log_TiDE_pl5_TiDE_custom_ftMS_sl512_ll48_pl5_dm64_nh8_el2_dl2_df128_expand2_dc4_fc1_ebtimeF_dtTrue_ModelComparison_1,-0.8749657668489675,0.5120487576183779,0.0138108329616652,0.0353541949663267,-0.0155399602350946,0.9999999816891748,-0.9999999815721544,-0.343487074653396,0.4254587155963302,0.8373700664796596,6530,16.033499999999997,-0.964742623554914,-0.0352573580172402,0.000797156513765,0.0282339602919083,0.0172768602084046,-1.0302683582725791,0.0087272539058301,0.0242672141409248,0.01649723402337745,0.00776998011754735,1.8811027849845496
28,long_term_forecast_WTI-log_DLinear_horizon5_DLinear_custom_ftMS_sl512_ll48_pl5_dm512_nh8_el2_dl1_df2048_expand2_dc4_fc1_ebtimeF_dtTrue_Horizon5_0,-0.8187515570676902,0.5161744022503516,0.0127307541290612,0.0298697344992409,-0.0178919269085606,0.9999998649999317,-0.9999998660355318,-0.3119820722490356,0.4204698632774889,0.851474189294559,6378,15.2115,-0.964742623554914,-0.0352572424806176,0.0007907229627433,0.0281197966341035,0.0171544642332095,-1.028392421701645,0.0063625960700806,0.0242545229786412,0.0153085595243609,0.0089459634542803,1.5391731122612136
29,long_term_forecast_WTI-log_HP_seqlen512_DLinear_custom_ftMS_sl512_ll48_pl5_dm512_nh8_el2_dl1_df2048_expand2_dc4_fc1_ebtimeF_dtTrue_HP_SeqLen_0,-0.8187515570676902,0.5161744022503516,0.0127307541290612,0.0298697344992409,-0.0178919269085606,0.9999998649999317,-0.9999998660355318,-0.3119820722490356,0.4204698632774889,0.851474189294559,6378,15.2115,-0.964742623554914,-0.0352572424806176,0.0007907229627433,0.0281197966341035,0.0171544642332095,-1.028392421701645,0.0063625960700806,0.0242545229786412,0.0153085595243609,0.0089459634542803,1.5391731122612136
27,long_term_forecast_WTI-log_DLinear_pl5_DLinear_custom_ftMS_sl512_ll48_pl5_dm512_nh8_el2_dl1_df2048_expand2_dc4_fc1_ebtimeF_dtTrue_ModelComparison_0,-0.8187515570676902,0.5161744022503516,0.0127307541290612,0.0298697344992409,-0.0178919269085606,0.9999998649999317,-0.9999998660355318,-0.3119820722490356,0.4204698632774889,0.851474189294559,6378,15.2115,-0.964742623554914,-0.0352572424806176,0.0007907229627433,0.0281197966341035,0.0171544642332095,-1.028392421701645,0.0063625960700806,0.0242545229786412,0.0153085595243609,0.0089459634542803,1.5391731122612136
30,long_term_forecast_WTI-log_HP_lr0.001_DLinear_custom_ftMS_sl512_ll48_pl5_dm512_nh8_el2_dl1_df2048_expand2_dc4_fc1_ebtimeF_dtTrue_HP_LR_0,-0.8187515570676902,0.5161744022503516,0.0127307541290612,0.0298697344992409,-0.0178919269085606,0.9999998649999317,-0.9999998660355318,-0.3119820722490356,0.4204698632774889,0.851474189294559,6378,15.2115,-0.964742623554914,-0.0352572424806176,0.0007907229627433,0.0281197966341035,0.0171544642332095,-1.028392421701645,0.0063625960700806,0.0242545229786412,0.0153085595243609,0.0089459634542803,1.5391731122612136
44,long_term_forecast_WTI-log_iTransformer_pl5_iTransformer_custom_ftMS_sl512_ll48_pl5_dm64_nh4_el2_dl1_df64_expand2_dc4_fc1_ebtimeF_dtTrue_ModelComparison_1,-0.8812436734370882,0.5120487576183779,0.0126476565925532,0.0241042858758323,-0.0110136102710054,0.9999999699463196,-0.9999999690600472,-0.3353992886462452,0.4063563028477014,0.8328193395706204,6624,15.2895,-0.964742623554914,-0.035257345505133,0.0007764119646193,0.0278641699072364,0.0168865851499725,-1.039958575607678,0.0087869931125795,0.0198006033835849,0.0142937982480822,0.0055068051355027,2.196746014429076
60,long_term_forecast_WTI-log_HP_lr0.0005_DLinear_custom_ftMS_sl512_ll48_pl5_dm512_nh8_el2_dl1_df2048_expand2_dc4_fc1_ebtimeF_dtTrue_HP_LR_2,-0.9225947928885728,0.5124238162212845,0.0123508630735357,0.0199968222223239,-0.0227712885726842,0.9999999841586203,-0.9999999837117228,-0.3453988004459655,0.3914257228315055,0.8143029742927409,6519,14.1885,-0.964742623554914,-0.0352573601568086,0.0007656720120806,0.0276707790291603,0.0166958354974573,-1.0773214473991908,0.0043693229180372,0.0271406114907214,0.0157549672043793,0.0113856442863421,1.2720345296653335
49,long_term_forecast_WTI-log_DLinear_horizon10_DLinear_custom_ftMS_sl512_ll48_pl10_dm512_nh8_el2_dl1_df2048_expand2_dc4_fc1_ebtimeF_dtTrue_Horizon10_1,-0.9128855281562824,0.5137218045112782,0.0114671420425899,0.0240192070841411,-0.023333898759209,0.9999999999999998,-1.0,-0.3527619086608431,0.419072363356428,0.8272890553938603,12774,30.4785,-0.9983180006063498,-0.0016819993936501,0.0007903158894182,0.0281125575040456,0.0171840190946004,-1.068025594204702,0.003118931533489,0.026452830292698,0.014785880913093501,0.0116669493796045,1.1672803348295342
96,long_term_forecast_WTI-log_DLinear_horizon21_DLinear_custom_ftMS_sl512_ll48_pl21_dm512_nh8_el2_dl1_df2048_expand2_dc4_fc1_ebtimeF_dtTrue_Horizon21_1,-2.5054110975944157,0.5118429043795127,0.0114353090900887,0.0212201912038259,-0.0172322596361885,1.0,-1.0,-1.0,0.4158331412767919,0.8269944350549047,27466,65.38650000000001,-0.9999971120406485,-2.8879593515496182e-06,0.0007915448387975,0.0281344066722138,0.0171839555189164,-3.002552625272334,0.0051490968966646,0.0223813565328532,0.0137652267147589,0.0086161298180943,1.4314726376569296
91,long_term_forecast_WTI-log_iTransformer_pl5_iTransformer_custom_ftMS_sl512_ll48_pl5_dm64_nh4_el2_dl1_df64_expand2_dc4_fc1_ebtimeF_dtTrue_ModelComparison_0,-1.0628999011583622,0.4964838255977497,0.0110020446500944,-0.0072419744954747,0.0521204505545068,0.9999999996433012,-0.9999999996327844,-0.401503754635356,0.3809758016919142,0.7748364903048125,6892,15.426,-0.964742623554914,-0.0352573760778701,0.0007701308970056,0.0277512323511157,0.0168765306627481,-1.270626531956166,0.0278166697696957,-0.024303780784811,0.0017564444924423484,0.02606022527725335,0.06490871655524627
65,long_term_forecast_WTI-log_TiDE_pl5_TiDE_custom_ftMS_sl512_ll48_pl5_dm64_nh8_el2_dl2_df128_expand2_dc4_fc1_ebtimeF_dtTrue_ModelComparison_0,-0.9335132925720449,0.5186122831692452,0.0102136846795573,0.0297171578536899,-0.0304905483122789,0.9999999965611632,-0.9999999964927936,-0.3687251386823778,0.4249378466245936,0.8192126928913905,6444,15.6585,-0.964742623554914,-0.0352573729378795,0.0007978139700685,0.0282456008976353,0.0172419097841857,-1.0814876234321864,6.2659173158287e-05,0.0305532074854372,0.015307933329297743,0.015245274156139457,0.9423007074037301
89,long_term_forecast_WTI-log_TiDE_pl5_TiDE_custom_ftMS_sl512_ll48_pl5_dm64_nh8_el2_dl2_df128_expand2_dc4_fc1_ebtimeF_dtTrue_ModelComparison_2,-1.012948485438984,0.5162681669010782,0.0101084490338881,0.0270531852342594,-0.0266653971478212,0.9999999993894244,-0.9999999993759684,-0.3939579343217105,0.4219437535871437,0.7986580868329911,6475,15.756,-0.964742623554914,-0.0352573758210543,0.0007997208437631,0.0282793359851879,0.0173116951591498,-1.185157587993442,0.001094038651269,0.0277594357990903,0.01442673722517965,0.01333269857391065,1.0065611266980927
40,long_term_forecast_WTI-log_HP_dmodel128_PatchTST_custom_ftMS_sl512_ll48_pl5_dm128_nh4_el2_dl1_df256_expand2_dc4_fc1_ebtimeF_dtTrue_HP_DModel_2,-0.8656879071981204,0.5100796999531176,0.0091998063805012,0.0130546507295372,-0.0284034062855467,0.999999832238567,-0.999999825238693,-0.3076466130986428,0.3601056221806579,0.8156729147951203,6353,12.303,-0.964742623554914,-0.0352572016837788,0.0007651606918978,0.0276615381332606,0.0165824749584973,-1.0135470198977514,0.0029767711582935,0.0313801774438403,0.0171784743010669,0.0142017031427734,1.1300361636934884
38,long_term_forecast_WTI-log_HP_lr0.0001_DLinear_custom_ftMS_sl512_ll48_pl5_dm512_nh8_el2_dl1_df2048_expand2_dc4_fc1_ebtimeF_dtTrue_HP_LR_0,-0.86504583319931,0.5096108766994843,0.0091143883586509,0.0186231924917452,-0.0158345519396414,0.9999996631782976,-0.9999996610257424,-0.2967231817876052,0.366348195329087,0.8250095576773968,6703,13.4925,-0.964742623554914,-0.0352570374708283,0.0007571890306275,0.0275170679874789,0.0165252525844233,-1.0454968143634855,0.0034400321836501,0.0192745841232915,0.0113573081534708,0.007917275969820699,1.273629771233733
25,long_term_forecast_WTI-log_HP_lr0.0005_DLinear_custom_ftMS_sl512_ll48_pl5_dm512_nh8_el2_dl1_df2048_expand2_dc4_fc1_ebtimeF_dtTrue_HP_LR_0,-0.784552068356528,0.510267229254571,0.0090921257996283,0.0204118541283558,-0.0172227187035764,0.9999993288489604,-0.9999993245597784,-0.2851725690058968,0.3943101561722869,0.8559587231436914,6507,14.2485,-0.964742623554914,-0.0352567010048642,0.0007668352036943,0.0276917894635635,0.016706869162982,-1.0046277805359425,0.0028733855028399,0.0200961042064163,0.0114847448546281,0.0086113593517882,1.1949136885087288
77,long_term_forecast_WTI-log_DLinear_horizon3_DLinear_custom_ftMS_sl512_ll48_pl3_dm512_nh8_el2_dl1_df2048_expand2_dc4_fc1_ebtimeF_dtTrue_Horizon3_2,-0.9674863536487512,0.5086651053864168,0.0086110951793959,0.0185999672829419,-0.0058639655241411,0.9999936084161888,-0.9999935805060806,-0.3752518925573217,0.4148646484062149,0.8081551479373251,3869,9.1905,-0.8661203604644114,-0.1338732200416691,0.0007877061622877,0.028066103439696,0.0171307400534147,-1.116761828522064,0.0064094681551009,0.012273433679242,0.00934145091717145,0.00293198276207055,2.3757609029425955
10,long_term_forecast_WTI-log_TimesNet_pl5_TimesNet_custom_ftMS_sl512_ll48_pl5_dm64_nh8_el2_dl1_df64_expand2_dc4_fc1_ebtimeF_dtTrue_ModelComparison_1,-0.4772283478968145,0.5246132208157525,0.0085171060237873,0.0157084511122197,0.0219382508354114,0.9986598963339602,-0.9970751765829602,-0.1287811786011031,0.4428436466698158,0.9372463897540088,2765,4.3485,-0.964742623554914,-0.032332553028046,0.0007541839694043,0.0274624101164554,0.01643052357329,-0.4880498028960305,0.015621341274934,-0.0063169095604773,0.00465221585722835,0.01096912541770565,0.3886846945681124
31,long_term_forecast_WTI-log_HP_lr0.0001_DLinear_custom_ftMS_sl512_ll48_pl5_dm512_nh8_el2_dl1_df2048_expand2_dc4_fc1_ebtimeF_dtTrue_HP_LR_2,-0.8239466257593149,0.5092358180965776,0.0084039272794298,0.0179911989828149,-0.0192972189249331,0.9999993746197332,-0.9999993706230624,-0.2863646184488901,0.3663579582166703,0.8334545572415865,6516,12.87,-0.964742623554914,-0.0352567470681481,0.0007569051937836,0.0275119100351769,0.0165209128575479,-0.9752388298192378,0.0015334437282689,0.0208306626532021,0.0111820531907355,0.0096486094624666,1.0500951537521535
47,long_term_forecast_WTI-log_DLinear_horizon10_DLinear_custom_ftMS_sl512_ll48_pl10_dm512_nh8_el2_dl1_df2048_expand2_dc4_fc1_ebtimeF_dtTrue_Horizon10_2,-0.8991714232966888,0.512593984962406,0.0081469586680531,0.0236963072562702,-0.0165998054832247,0.9999999999999998,-0.9999999999999998,-0.3474273059615472,0.4177514222350786,0.8279563238194863,13020,31.113,-0.9983180006063498,-0.0016819993936499,0.0007906630305731,0.02811873095595,0.0171515357958878,-1.0707198773572646,0.0020742332456517,0.0186740387288764,0.01037413598726405,0.008299902741612351,1.1155101591380145
79,long_term_forecast_WTI-log_HP_seqlen256_DLinear_custom_ftMS_sl256_ll48_pl5_dm512_nh8_el2_dl1_df2048_expand2_dc4_fc1_ebtimeF_dtTrue_HP_SeqLen_2,-0.976440903297615,0.5016408813877168,0.008110999617308,0.0002718002559507,-0.0046973273319597,0.9999999973768045,-0.9999999972830624,-0.372521996172572,0.3781487405037985,0.7971109133610496,6568,14.200500000000002,-0.964742623554914,-0.0352573737281484,0.0007701552421212,0.0277516709789024,0.0168170654328014,-1.1412587023366785,0.0068755456298216,0.0115728729617814,0.0092242092958015,0.0023486636659799005,2.7545941354197696
26,long_term_forecast_WTI-log_HP_lr0.0001_DLinear_custom_ftMS_sl512_ll48_pl5_dm512_nh8_el2_dl1_df2048_expand2_dc4_fc1_ebtimeF_dtTrue_HP_LR_1,-0.7881522242523371,0.5085794655414908,0.0077973126584672,0.0167779896077521,-0.0172012860439616,0.9999982361961284,-0.9999982249240368,-0.2686647301661424,0.3666014350945857,0.8431818747980283,6479,12.6015,-0.964742623554914,-0.0352556013691226,0.0007563426918907,0.0275016852554669,0.0165019790199222,-0.9365507340902248,0.0016371132811053,0.0188383993250669,0.0102377563030861,0.008600643021980799,1.0663615217904283
45,long_term_forecast_WTI-log_HP_dropout0.2_PatchTST_custom_ftMS_sl512_ll48_pl5_dm64_nh4_el2_dl1_df128_expand2_dc4_fc1_ebtimeF_dtTrue_HP_Dropout_2,-0.8825400650305091,0.522456633849039,0.0076208118507481,0.0208622642771905,-0.035859385129903,0.9999999220488102,-0.9999999175679288,-0.3198313365333681,0.3926324335295311,0.8253303667941748,6334,13.170000000000002,-0.964742623554914,-0.0352572940130145,0.000765163471984,0.0276615883850524,0.0165738056490026,-1.0422341861599758,-0.0038612605499998,0.0319981245799032,0.014068432014951698,0.0179296925649515,0.7431938985105088
16,long_term_forecast_WTI-log_TimeMixer_pl5_TimeMixer_custom_ftMS_sl512_ll0_pl5_dm32_nh8_el2_dl1_df64_expand2_dc4_fc1_ebtimeF_dtTrue_ModelComparison_0,-0.6864621174861834,0.509704641350211,0.0066804977635306,0.0204060991251728,-0.0620040714821756,0.9999973676645318,-0.9999971315114864,-0.2603238891909478,0.4015629696423204,0.8810254199228487,5636,11.665500000000002,-0.964742623554914,-0.0352545079565721,0.0007710491759818,0.0277677722545728,0.0167440934766294,-0.8319763816888972,-0.0119149834197227,0.0500890880624529,0.0190870523213651,0.0310020357410878,0.596432441854285
37,long_term_forecast_WTI-log_TimeMixer_pl5_TimeMixer_custom_ftMS_sl512_ll0_pl5_dm32_nh8_el2_dl1_df64_expand2_dc4_fc1_ebtimeF_dtTrue_ModelComparison_2,-0.8626965251614839,0.5070792311298641,0.0062636927751108,0.0227829762252316,-0.0733625938445729,0.9999999672068516,-0.9999999649626408,-0.3334434075455796,0.4081051908546756,0.8342316449790936,5513,11.7945,-0.964742623554914,-0.0352573414077265,0.0007787027188776,0.027905245364943,0.0168704107089168,-1.0166580296379597,-0.0185851695467745,0.0547774242977983,0.0180961273755119,0.0366812969222864,0.4802416279045067
11,long_term_forecast_WTI-log_Crossformer_pl5_Crossformer_custom_ftMS_sl512_ll48_pl5_dm64_nh4_el2_dl1_df128_expand2_dc4_fc1_ebtimeF_dtTrue_ModelComparison_0,-0.5040097744627273,0.5117674636661979,0.0046131040186769,0.0098643151030434,-0.0134377088460022,0.6543316446923875,-0.5766838591746016,-0.0201071737733071,0.2707889125799573,0.7698897453776563,460,0.6930000000000001,-0.964742623554914,0.3880587643803125,0.0007509342679346,0.0274031798872811,0.0164386627916162,-0.1166029381493687,-0.0007891268983347,0.0126485819476674,0.00592972752466635,0.00671885442300105,0.7682134160992382
6,long_term_forecast_WTI-log_Transformer_pl5_Transformer_custom_ftMS_sl512_ll48_pl5_dm64_nh4_el2_dl1_df128_expand2_dc4_fc1_ebtimeF_dtTrue_ModelComparison_0,-0.1989621428246391,0.5377402719174871,0.0030955009961746,0.0266874317235239,-0.0696302846533944,0.9999776806580007,-0.9175888736793836,-0.057272526901056,0.5093085106382979,1.0144550284272718,974,1.467,-0.964742623554914,0.0471537498755304,0.0007551204792155,0.0274794555844104,0.0163870373517561,-0.1739601266778142,-0.0373677795649417,0.0322625050884526,-0.002552637238244549,0.03481514232669715,-0.07127256999176504
90,long_term_forecast_WTI-log_HP_dropout0.1_PatchTST_custom_ftMS_sl512_ll48_pl5_dm64_nh4_el2_dl1_df128_expand2_dc4_fc1_ebtimeF_dtTrue_HP_Dropout_2,-1.018024913381493,0.4978902953586498,0.0030513736244044,0.0055841129524079,-0.0302719689798383,0.9999999977786304,-0.9999999974351887,-0.3733757231225885,0.3689330124348174,0.7859825895217184,7291,15.9195,-0.964742623554914,-0.0352573738802746,0.000767217941937,0.0276986992824042,0.0167608585728079,-1.2557197521831902,-0.0058818310872673,0.0243901378925709,0.009254153402651798,0.0151359844899191,0.5735103060140705
8,long_term_forecast_WTI-log_Naive_pl5_Naive_custom_ftMS_sl512_ll48_pl5_dm512_nh8_el2_dl1_df2048_expand2_dc4_fc1_ebtimeF_dtTrue_ModelComparison_1,-0.4637875261743064,0.496671354899203,0.0022640360875276,-0.0154864121112435,0.0274419424617614,0.999820477432768,-0.99974543199983,-0.177617528028072,0.4856947563714481,0.9489162494161126,1190,3.2685000000000004,-0.964742623554914,-0.0350028084449158,0.0014983981787642,0.0387091485151024,0.023701656506868,-0.5857877247875525,0.0096521812091287,-0.0177897612526326,-0.00406879002175195,0.01372097123088065,-0.27639412902436217
9,long_term_forecast_WTI-log_Naive_pl5_Naive_custom_ftMS_sl512_ll48_pl5_dm512_nh8_el2_dl1_df2048_expand2_dc4_fc1_ebtimeF_dtTrue_ModelComparison_0,-0.4644807050492536,0.4967651195499297,0.0022492994392153,-0.0155326498506315,0.0274911405441721,0.9998231960275856,-0.999749287042996,-0.1779139906679161,0.4856389214536928,0.9487416001755284,1183,3.2565000000000004,-0.964742623554914,-0.0350066634880817,0.0014984529874117,0.0387098564633318,0.0237027470559437,-0.5866301499002246,0.009651151831908,-0.0178399887122641,-0.00409441844017805,0.01374557027208605,-0.2776710811876124
7,long_term_forecast_WTI-log_Naive_pl5_Naive_custom_ftMS_sl512_ll48_pl5_dm512_nh8_el2_dl1_df2048_expand2_dc4_fc1_ebtimeF_dtTrue_ModelComparison_2,-0.4627536800826781,0.4971401781528364,0.002248230739112,-0.0154995123745837,0.0274871770381289,0.9998162993214054,-0.999739507321554,-0.1771703431541621,0.4857868516166845,0.9491586536959924,1189,3.2685,-0.964742623554914,-0.03499688376664,0.001498425744083,0.0387095045703638,0.0237019277838391,-0.5843216592243442,0.0096484651981705,-0.0178387118399583,-0.004095123320893901,0.0137435885190644,-0.2777562135296061
62,long_term_forecast_WTI-log_Crossformer_pl5_Crossformer_custom_ftMS_sl512_ll48_pl5_dm64_nh4_el2_dl1_df128_expand2_dc4_fc1_ebtimeF_dtTrue_ModelComparison_2,-0.929772367660106,0.4889826535396155,0.0009250734826912,0.0035967154959449,-0.010514156884305,0.9999676946849004,-0.9999614624398292,-0.2134973001842491,0.2579783052979091,0.7610713893273031,5365,8.064,-0.964742623554914,-0.0352188388849149,0.0007525427026247,0.0274325117811827,0.0165336458035503,-0.9966620405830788,-0.0032275855121005,0.0072865713722045,0.002029492930052,0.0052570784421525005,0.32435152424808555
35,long_term_forecast_WTI-log_HP_dmodel32_PatchTST_custom_ftMS_sl512_ll48_pl5_dm32_nh4_el2_dl1_df64_expand2_dc4_fc1_ebtimeF_dtTrue_HP_DModel_1,-0.8453331606454009,0.5168307548054384,0.0006727713869497,0.0190706828986765,-0.0260039111528228,0.999999830558462,-0.9999998288751452,-0.3079905274524552,0.3689144561627783,0.8253153314478023,6546,12.9945,-0.964742623554914,-0.035257205320231,0.0007585300311862,0.0275414239135572,0.0165115039274903,-1.0069253118008672,-0.0078375381243193,0.0181663730285035,0.005164417452092101,0.0130019555764114,0.3688354404432201
92,long_term_forecast_WTI-log_HP_dropout0.1_PatchTST_custom_ftMS_sl512_ll48_pl5_dm64_nh4_el2_dl1_df128_expand2_dc4_fc1_ebtimeF_dtTrue_HP_Dropout_1,-1.0879249584342907,0.5043600562587904,-0.0009451512419849,0.0117745166443686,-0.0241313589561757,0.999999999829289,-0.9999999998202752,-0.4115234788349168,0.3944579484686437,0.7729285405965122,7188,16.83,-0.964742623554914,-0.0352573762653609,0.0007795620315797,0.027920638094064,0.0169058337091303,-1.3107750077221825,-0.0089867085413287,0.0151446504148469,0.0030789709367591003,0.012065679478087801,0.2356533345183297
23,long_term_forecast_WTI-log_HP_dmodel128_PatchTST_custom_ftMS_sl512_ll48_pl5_dm128_nh4_el2_dl1_df256_expand2_dc4_fc1_ebtimeF_dtTrue_HP_DModel_1,-0.7742794330891578,0.510267229254571,-0.0012699023202986,0.0138560796303637,-0.0371329592589155,0.9999988610362592,-0.9999988484900794,-0.2761050893415162,0.3684910259251052,0.8438120735041207,6178,11.844,-0.964742623554914,-0.0352562249351652,0.0007653172569766,0.0276643680024793,0.0165209447489578,-0.9140854156967584,-0.0095548061937325,0.027578153065183,0.009011673435725249,0.01856647962945775,0.46056692907384233
18,long_term_forecast_WTI-log_TimeMixer_pl5_TimeMixer_custom_ftMS_sl512_ll0_pl5_dm32_nh8_el2_dl1_df64_expand2_dc4_fc1_ebtimeF_dtTrue_ModelComparison_1,-0.7123464121093812,0.5234880450070324,-0.0018559888126432,0.0347045797745738,-0.0487420760048004,0.9999981331496576,-0.9999975306276776,-0.2629377723906088,0.4154816743440817,0.8763295176081681,5281,10.698,-0.964742623554914,-0.0352549070727634,0.0007722444378147,0.0277892863854897,0.016672858384791,-0.8195130348145226,-0.017369212475099,0.0313728635297013,0.007001825527301149,0.024371038002400147,0.275977101395645
12,long_term_forecast_WTI-log_Crossformer_pl5_Crossformer_custom_ftMS_sl512_ll48_pl5_dm64_nh4_el2_dl1_df128_expand2_dc4_fc1_ebtimeF_dtTrue_ModelComparison_1,-0.5161424404852186,0.4970464135021097,-0.0018854000158992,-0.0022383081716115,-0.0377424856320371,0.8669865400082388,-0.8610995637986004,-0.0455719210359011,0.2558869701726844,0.693410059183768,614,0.939,-0.964742623554914,0.1036430597563137,0.0007511118403386,0.0274064196920833,0.0164524036073214,-0.1369405582887957,-0.0165226757561164,0.0212198098759206,0.0023485670599021,0.0188712428160185,0.11818923867252458
68,long_term_forecast_WTI-log_HP_dropout0.3_PatchTST_custom_ftMS_sl512_ll48_pl5_dm64_nh4_el2_dl1_df128_expand2_dc4_fc1_ebtimeF_dtTrue_HP_Dropout_2,-0.9379230544524264,0.5133614627285513,-0.0037072878187726,0.0128235369941927,-0.0177857659644537,0.9999999705742204,-0.9999999698820377,-0.3358219994248113,0.3820010587612493,0.8027011268274657,6057,11.7975,-0.964742623554914,-0.0352573463271234,0.0007621239813312,0.0276065930772209,0.0165158742399249,-1.0422466412913305,-0.0092544436834007,0.0085313222810529,-0.0003615607011738997,0.008892882982226801,-0.036547556644859404
67,long_term_forecast_WTI-log_HP_dmodel64_PatchTST_custom_ftMS_sl512_ll48_pl5_dm64_nh4_el2_dl1_df128_expand2_dc4_fc1_ebtimeF_dtTrue_HP_DModel_2,-0.9379230544524264,0.5133614627285513,-0.0037072878187726,0.0128235369941927,-0.0177857659644537,0.9999999705742204,-0.9999999698820377,-0.3358219994248113,0.3820010587612493,0.8027011268274657,6057,11.7975,-0.964742623554914,-0.0352573463271234,0.0007621239813312,0.0276065930772209,0.0165158742399249,-1.0422466412913305,-0.0092544436834007,0.0085313222810529,-0.0003615607011738997,0.008892882982226801,-0.036547556644859404
69,long_term_forecast_WTI-log_PatchTST_pl5_PatchTST_custom_ftMS_sl512_ll48_pl5_dm64_nh4_el2_dl1_df128_expand2_dc4_fc1_ebtimeF_dtTrue_ModelComparison_2,-0.9379230544524264,0.5133614627285513,-0.0037072878187726,0.0128235369941927,-0.0177857659644537,0.9999999705742204,-0.9999999698820377,-0.3358219994248113,0.3820010587612493,0.8027011268274657,6057,11.7975,-0.964742623554914,-0.0352573463271234,0.0007621239813312,0.0276065930772209,0.0165158742399249,-1.0422466412913305,-0.0092544436834007,0.0085313222810529,-0.0003615607011738997,0.008892882982226801,-0.036547556644859404
76,long_term_forecast_WTI-log_HP_dropout0.1_PatchTST_custom_ftMS_sl512_ll48_pl5_dm64_nh4_el2_dl1_df128_expand2_dc4_fc1_ebtimeF_dtTrue_HP_Dropout_0,-0.9623419899313164,0.5016408813877168,-0.0038866837072145,-0.0019292932255247,-0.0525316483729476,0.9999999841094486,-0.9999999825381244,-0.3443217836923153,0.3528663770265974,0.7916850681705146,7149,14.721,-0.964742623554914,-0.0352573589832101,0.000759639507999,0.0275615585190502,0.0166090599600974,-1.213725153543341,-0.0213695706934087,0.0311620776795389,0.004896253493065101,0.026265824186473802,0.1795747474779825
39,long_term_forecast_WTI-log_HP_dmodel32_PatchTST_custom_ftMS_sl512_ll48_pl5_dm32_nh4_el2_dl1_df64_expand2_dc4_fc1_ebtimeF_dtTrue_HP_DModel_0,-0.8655780988490619,0.5112986404125645,-0.0039946705630925,0.0127342684144087,-0.0355257304395159,0.9999998643812552,-0.9999998617130988,-0.3114656236807007,0.370166891261532,0.8234138795582334,6683,13.428,-0.964742623554914,-0.0352572381581846,0.0007613369191156,0.0275923344267141,0.0165590726921798,-1.0624752860510116,-0.0157276608632538,0.019798069576262,0.002035204356504101,0.017762865219757902,0.1084698063257932
21,long_term_forecast_WTI-log_Autoformer_pl5_Autoformer_custom_ftMS_sl512_ll48_pl5_dm64_nh4_el2_dl1_df128_expand2_dc4_fc1_ebtimeF_dtTrue_ModelComparison_1,-0.7496276336937788,0.5116736990154712,-0.0083073610669526,0.0138027872181624,-0.0583314284784918,0.99999979847583,-0.9999990038296938,-0.2785795100911036,0.4142124836667001,0.8648234974356156,4566,8.7525,-0.964742623554914,-0.0352563802747796,0.0007667425904307,0.0276901171978508,0.0166503563686135,-0.8527953824738513,-0.0243745178009237,0.033956910677568,0.0047911964383221504,0.02916571423924585,0.15882920590982602
78,long_term_forecast_WTI-log_TimesNet_pl5_TimesNet_custom_ftMS_sl512_ll48_pl5_dm64_nh8_el2_dl1_df64_expand2_dc4_fc1_ebtimeF_dtTrue_ModelComparison_0,-0.9686495452269582,0.4959212376933896,-0.0085521216220213,-0.0049250478373912,0.0206315053391966,0.9999999825173288,-0.9999999819098466,-0.3437739178219855,0.3626385113945222,0.7954267037825975,6642,13.5585,-0.964742623554914,-0.0352573583549324,0.0007603750157669,0.0275748982911436,0.0166366703510598,-1.1246048944583102,-0.0021006271607441,-0.0227321324999407,-0.012416379830342399,0.0103157526695983,-1.0972650421832852
93,long_term_forecast_WTI-log_TimesNet_pl5_TimesNet_custom_ftMS_sl512_ll48_pl5_dm64_nh8_el2_dl1_df64_expand2_dc4_fc1_ebtimeF_dtTrue_ModelComparison_2,-1.0897029089174313,0.5002344116268167,-0.0108786141491302,-0.0106864288124655,-0.0018881018136805,0.9999999996549512,-0.999999999604757,-0.4004627122361109,0.3763559662515066,0.7691513671806847,6431,13.929,-0.964742623554914,-0.0352573760498429,0.0007746298097309,0.0278321722064768,0.0169740631450213,-1.2890508637276514,-0.0121269159469003,-0.0102388141332197,-0.01118286504006,0.0009440509068403,-5.752351957817662
34,long_term_forecast_WTI-log_HP_dropout0.4_PatchTST_custom_ftMS_sl512_ll48_pl5_dm64_nh4_el2_dl1_df128_expand2_dc4_fc1_ebtimeF_dtTrue_HP_Dropout_2,-0.83669796072487,0.5104547585560244,-0.011084160555836,0.0144749338307579,-0.0221593440921242,0.999999118641566,-0.9999990720968892,-0.2797886225993758,0.3474764967837704,0.8119103513747475,5903,10.599,-0.964742623554914,-0.0352564485419749,0.0007580437083832,0.0275325935644148,0.0164898986065463,-0.9042116719167834,-0.0187175670127524,0.0034417770793717,-0.00763789496669035,0.01107967204606205,-0.6322932392175572
71,long_term_forecast_WTI-log_HP_dmodel128_PatchTST_custom_ftMS_sl512_ll48_pl5_dm128_nh4_el2_dl1_df256_expand2_dc4_fc1_ebtimeF_dtTrue_HP_DModel_0,-0.951266559467716,0.5098921706516644,-0.0131159623040773,0.0030914100058583,-0.0429609185972568,0.9999999770187972,-0.999999977129489,-0.3401280267173595,0.3599427438890112,0.7895577775583047,6342,12.162,-0.964742623554914,-0.0352573535745748,0.000766458612646,0.0276849889406888,0.0165225484522087,-1.1070787912215578,-0.0229656043968389,0.0199953142004179,-0.001485145098210499,0.0214804592986284,-0.06606382362931135
86,long_term_forecast_WTI-log_HP_dropout0.2_PatchTST_custom_ftMS_sl512_ll48_pl5_dm64_nh4_el2_dl1_df128_expand2_dc4_fc1_ebtimeF_dtTrue_HP_Dropout_0,-0.9961337231647336,0.5066104078762307,-0.0133031407283449,0.0095552686789564,-0.0542797704666703,0.9999999911813692,-0.9999999908214704,-0.3542107049954005,0.3816215123331985,0.7974769645644068,6604,14.0115,-0.964742623554914,-0.0352573672665561,0.0007722730129024,0.0277898005192987,0.016715059473807,-1.144862583927701,-0.0294549099177515,0.0248248605489188,-0.0023150246844163506,0.027139885233335152,-0.08226844797767402
72,long_term_forecast_WTI-log_HP_dropout0.4_PatchTST_custom_ftMS_sl512_ll48_pl5_dm64_nh4_el2_dl1_df128_expand2_dc4_fc1_ebtimeF_dtTrue_HP_Dropout_0,-0.9538085228541812,0.5112986404125645,-0.0143994654416233,-0.0005038302166827,-0.0392955649274238,0.9999999206671738,-0.999999915234538,-0.3193825753123377,0.3423913043478261,0.7736371461206284,5653,9.972,-0.964742623554914,-0.0352572916796238,0.0007579814100194,0.0275314621845531,0.016498773223089,-1.010979540583718,-0.0244427404124151,0.0148528245150086,-0.0047949579487032495,0.01964778246371185,-0.2322262914736879
87,long_term_forecast_WTI-log_HP_dmodel32_PatchTST_custom_ftMS_sl512_ll48_pl5_dm32_nh4_el2_dl1_df64_expand2_dc4_fc1_ebtimeF_dtTrue_HP_DModel_2,-1.001352960389468,0.5023909985935302,-0.0146891404195502,-0.0016265435391912,-0.0011856393082949,0.9999999724061288,-0.9999999716746536,-0.3367843384170449,0.3527865980510237,0.782954142691373,6526,12.618,-0.964742623554914,-0.0352573481197394,0.0007597702953409,0.0275639310574689,0.01654923274524,-1.1509055734786158,-0.0147152527676074,-0.0135296134593125,-0.01412243311345995,0.0005928196541474494,-8.866310179364863
19,long_term_forecast_WTI-log_FEDformer_pl5_FEDformer_custom_ftMS_sl512_ll48_pl5_dm64_nh4_el2_dl1_df128_expand2_dc4_fc1_ebtimeF_dtTrue_ModelComparison_1,-0.7247411702422243,0.5194561650257853,-0.0188677757419029,0.0227022852207525,-0.1109211600391221,0.999999884804226,-0.9999986174685016,-0.2729708649679754,0.4202579427492922,0.8678955940265227,4111,7.558499999999999,-0.964742623554914,-0.0352559939135875,0.0007673047779297,0.0277002667483501,0.0165995972357275,-0.7731057371173558,-0.0489632084545322,0.0619579515845898,0.0064973715650288,0.055460580019561,0.11507801660517407
82,long_term_forecast_WTI-log_HP_dmodel64_PatchTST_custom_ftMS_sl512_ll48_pl5_dm64_nh4_el2_dl1_df128_expand2_dc4_fc1_ebtimeF_dtTrue_HP_DModel_0,-0.976692020686416,0.5042662916080638,-0.0193281589838437,2.6414379291034925e-05,-0.0334787530037436,0.9999999539026704,-0.9999999521279244,-0.328509429650621,0.3552409841590832,0.7872751984650668,6244,11.817,-0.964742623554914,-0.0352573285730103,0.0007629435735091,0.0276214332269192,0.0165750056793912,-1.1048222009128232,-0.028798237773143,0.0046805152306005,-0.012058861271271249,0.01673937650187175,-0.6797793186248047
81,long_term_forecast_WTI-log_HP_dropout0.3_PatchTST_custom_ftMS_sl512_ll48_pl5_dm64_nh4_el2_dl1_df128_expand2_dc4_fc1_ebtimeF_dtTrue_HP_Dropout_0,-0.976692020686416,0.5042662916080638,-0.0193281589838437,2.6414379291034925e-05,-0.0334787530037436,0.9999999539026704,-0.9999999521279244,-0.328509429650621,0.3552409841590832,0.7872751984650668,6244,11.817,-0.964742623554914,-0.0352573285730103,0.0007629435735091,0.0276214332269192,0.0165750056793912,-1.1048222009128232,-0.028798237773143,0.0046805152306005,-0.012058861271271249,0.01673937650187175,-0.6797793186248047
80,long_term_forecast_WTI-log_PatchTST_pl5_PatchTST_custom_ftMS_sl512_ll48_pl5_dm64_nh4_el2_dl1_df128_expand2_dc4_fc1_ebtimeF_dtTrue_ModelComparison_0,-0.976692020686416,0.5042662916080638,-0.0193281589838437,2.6414379291034925e-05,-0.0334787530037436,0.9999999539026704,-0.9999999521279244,-0.328509429650621,0.3552409841590832,0.7872751984650668,6244,11.817,-0.964742623554914,-0.0352573285730103,0.0007629435735091,0.0276214332269192,0.0165750056793912,-1.1048222009128232,-0.028798237773143,0.0046805152306005,-0.012058861271271249,0.01673937650187175,-0.6797793186248047
36,long_term_forecast_WTI-log_HP_dropout0.5_PatchTST_custom_ftMS_sl512_ll48_pl5_dm64_nh4_el2_dl1_df128_expand2_dc4_fc1_ebtimeF_dtTrue_HP_Dropout_0,-0.8472413667499055,0.5067041725269573,-0.0207402541370653,-0.005739117161506,-0.0314243759454608,0.9999988090086616,-0.9999988083384832,-0.2755185970146887,0.3364993215739484,0.7980099669379881,5356,9.276,-0.964742623554914,-0.0352561847835689,0.0007569431603537,0.0275126000289638,0.0164935868143545,-0.8908931609681808,-0.0292973933049242,0.0021269826405365,-0.013585205332193848,0.01571218797273035,-0.8128920853667473
22,long_term_forecast_WTI-log_Autoformer_pl5_Autoformer_custom_ftMS_sl512_ll48_pl5_dm64_nh4_el2_dl1_df128_expand2_dc4_fc1_ebtimeF_dtTrue_ModelComparison_2,-0.7545537113557643,0.5176746366619784,-0.0226496940095007,0.0129271758299263,-0.0742477140989396,0.99999988384271,-0.9999991425916094,-0.2811319836724431,0.4119797827723411,0.8564363098216774,4191,7.4475,-0.964742623554914,-0.0352565190366952,0.0007657208607164,0.0276716616905533,0.0165612682558421,-0.800132863288909,-0.0411539915725964,0.0330937225263431,-0.004030134523126651,0.03712385704946975,-0.10571161563996852
33,long_term_forecast_WTI-log_HP_dropout0.4_PatchTST_custom_ftMS_sl512_ll48_pl5_dm64_nh4_el2_dl1_df128_expand2_dc4_fc1_ebtimeF_dtTrue_HP_Dropout_1,-0.8286413871067891,0.5142053445850914,-0.023434390634962,0.0084537476818752,-0.0408442785236881,0.9999989884862278,-0.9999989219945696,-0.2772324623413263,0.3505338078291815,0.8111184525775814,5587,9.861,-0.964742623554914,-0.0352562984396553,0.0007584740805331,0.0275404081402782,0.0164701031876947,-0.8794738651443597,-0.035057574295458,0.00578670422823,-0.014635435033614,0.020422139261844,-0.6831920404738416
41,long_term_forecast_WTI-log_HP_dropout0.2_PatchTST_custom_ftMS_sl512_ll48_pl5_dm64_nh4_el2_dl1_df128_expand2_dc4_fc1_ebtimeF_dtTrue_HP_Dropout_1,-0.8675285826834219,0.5112048757618378,-0.0238835926868084,0.0172182717782028,-0.0613427823409221,0.9999998634734132,-0.9999998589717926,-0.3111461956035661,0.384118190212373,0.8286869357963422,6465,13.407,-0.964742623554914,-0.0352572354168784,0.0007745566495386,0.0278308578656617,0.0166993769456733,-1.010994414369523,-0.0411833882443294,0.0201593940965927,-0.01051199707386835,0.030671391170461047,-0.33190828332392835
20,long_term_forecast_WTI-log_FEDformer_pl5_FEDformer_custom_ftMS_sl512_ll48_pl5_dm64_nh4_el2_dl1_df128_expand2_dc4_fc1_ebtimeF_dtTrue_ModelComparison_2,-0.7247883341147774,0.5195499296765119,-0.0291836745259359,0.0182543296326895,-0.0916657048448008,0.9999998404945848,-0.9999983017954316,-0.2694293664205327,0.4220404739435881,0.868303152445553,4170,7.8015,-0.964742623554914,-0.0352556782405173,0.0007698680804578,0.027746496724053,0.016637635362003,-0.7720320903314332,-0.052750056564333,0.0389156482804678,-0.006917204141932601,0.0458328524224004,-0.14769982574505894
88,long_term_forecast_WTI-log_FEDformer_pl5_FEDformer_custom_ftMS_sl512_ll48_pl5_dm64_nh4_el2_dl1_df128_expand2_dc4_fc1_ebtimeF_dtTrue_ModelComparison_0,-1.0082548784223169,0.5051101734646039,-0.03470956220278,-0.0050387860849496,-0.0500167941022484,0.9999999990194528,-0.9999999962007332,-0.3675308890010236,0.3842617342029295,0.7808970440865006,5124,9.519,-0.964742623554914,-0.035257372645819,0.000766920284224,0.0276933256259353,0.0166317940369546,-1.071616206609762,-0.0476807187683892,0.0023360753338592,-0.022672321717265003,0.0250083970511242,-0.8717308364947851
42,long_term_forecast_WTI-log_HP_dropout0.5_PatchTST_custom_ftMS_sl512_ll48_pl5_dm64_nh4_el2_dl1_df128_expand2_dc4_fc1_ebtimeF_dtTrue_HP_Dropout_2,-0.8711112044856207,0.5075480543834974,-0.0351326539045423,-8.062176803957856e-05,-0.0522854092130247,0.9999993673935152,-0.9999993099259687,-0.2848104438839257,0.3325196636832113,0.7854841553325606,5404,9.141,-0.964742623554914,-0.0352566863710547,0.0007599281649542,0.0275667946079011,0.0164881339123098,-0.9141270920378732,-0.0485713260657505,0.0037140831472741,-0.0224286214592382,0.0261427046065123,-0.8263222764417124
24,long_term_forecast_WTI-log_Autoformer_pl5_Autoformer_custom_ftMS_sl512_ll48_pl5_dm64_nh4_el2_dl1_df128_expand2_dc4_fc1_ebtimeF_dtTrue_ModelComparison_0,-0.7750486776962192,0.5184247538677919,-0.0356587577288156,0.0087718251872147,-0.1120297764753018,0.999999908379848,-0.9999994976166984,-0.2901547168685273,0.4106603366422097,0.8490231703544997,4092,7.2045,-0.964742623554914,-0.0352568740617843,0.0007686235007153,0.0277240599608955,0.0166052704070676,-0.8048555979931845,-0.0632691708760469,0.0487606055992549,-0.007254282638396,0.0560148882376509,-0.12723488307402298
83,long_term_forecast_WTI-log_HP_dmodel64_PatchTST_custom_ftMS_sl512_ll48_pl5_dm64_nh4_el2_dl1_df128_expand2_dc4_fc1_ebtimeF_dtTrue_HP_DModel_1,-0.9894642094354078,0.5106422878574778,-0.0381044335536848,0.0012145930058511,-0.0499935062953883,0.9999999778579304,-0.9999999768677246,-0.3399505592039847,0.3579871664978048,0.7795669650834499,6239,11.856,-0.964742623554914,-0.0352573533128104,0.0007685093811486,0.0277220017521935,0.0165854560960009,-1.1066271954504503,-0.0509559688298677,-0.0009624625344793,-0.0259592156821735,0.0249967531476942,-0.9985560710098126
85,long_term_forecast_WTI-log_PatchTST_pl5_PatchTST_custom_ftMS_sl512_ll48_pl5_dm64_nh4_el2_dl1_df128_expand2_dc4_fc1_ebtimeF_dtTrue_ModelComparison_1,-0.9894642094354078,0.5106422878574778,-0.0381044335536848,0.0012145930058511,-0.0499935062953883,0.9999999778579304,-0.9999999768677246,-0.3399505592039847,0.3579871664978048,0.7795669650834499,6239,11.856,-0.964742623554914,-0.0352573533128104,0.0007685093811486,0.0277220017521935,0.0165854560960009,-1.1066271954504503,-0.0509559688298677,-0.0009624625344793,-0.0259592156821735,0.0249967531476942,-0.9985560710098126
84,long_term_forecast_WTI-log_HP_dropout0.3_PatchTST_custom_ftMS_sl512_ll48_pl5_dm64_nh4_el2_dl1_df128_expand2_dc4_fc1_ebtimeF_dtTrue_HP_Dropout_1,-0.9894642094354078,0.5106422878574778,-0.0381044335536848,0.0012145930058511,-0.0499935062953883,0.9999999778579304,-0.9999999768677246,-0.3399505592039847,0.3579871664978048,0.7795669650834499,6239,11.856,-0.964742623554914,-0.0352573533128104,0.0007685093811486,0.0277220017521935,0.0165854560960009,-1.1066271954504503,-0.0509559688298677,-0.0009624625344793,-0.0259592156821735,0.0249967531476942,-0.9985560710098126
61,long_term_forecast_WTI-log_HP_dropout0.5_PatchTST_custom_ftMS_sl512_ll48_pl5_dm64_nh4_el2_dl1_df128_expand2_dc4_fc1_ebtimeF_dtTrue_HP_Dropout_1,-0.9258710132813752,0.5054852320675105,-0.0390890027589373,-0.0072616606439829,-0.014580746976354,0.9999997286905286,-0.9999997270952008,-0.3003166653564937,0.3442729277467894,0.7822691115624568,5438,9.399,-0.964742623554914,-0.0352571035402867,0.0007592080354131,0.027553729972785,0.0164911628581586,-0.960922978449948,-0.043275820646388,-0.028695073670034,-0.035985447158211,0.007290373488177,-4.340630396149254
