rank,model_id,sharpe_ratio,direction_accuracy,ic,rank_ic,ic_decay,max_drawdown,total_return,annual_return,win_rate,profit_factor,num_trades,total_costs,buy_hold_return,excess_return,mse,rmse,mae,sortino_ratio,ic_first_half,ic_second_half
1,long_term_forecast_POST_COVID_Koopa_pl5_Koopa_custom_ftMS_sl128_ll48_pl5_dm512_nh8_el2_dl1_df2048_expand2_dc4_fc3_ebtimeF_dtTrue_POST_COVID_1,0.11728470350240207,0.5261324041811847,0.10977533677537758,0.10529953818275677,-0.032873144520267406,0.515649421803066,0.27975060733522783,0.04426868690598429,0.4192841490138787,1.0600601600540862,695,1.3485,-0.681777476083663,0.9615280834188908,0.00021966173110206586,0.014820989545305868,0.011193212321119667,0.174426869619004,0.09186038008878901,0.12473352460905641
2,long_term_forecast_POST_COVID_Koopa_pl5_Koopa_custom_ftMS_sl128_ll48_pl5_dm512_nh8_el2_dl1_df2048_expand2_dc4_fc3_ebtimeF_dtTrue_POST_COVID_2,-0.17493055642045263,0.5128919860627178,0.07772789333869298,0.07788533117818411,-0.04091800623864379,0.46169792555657496,-0.08645821486466176,-0.015754298374934583,0.40922619047619047,1.004508978891621,682,1.3515,-0.681777476083663,0.5953192612190013,0.00022331265798811135,0.014943649420008198,0.011258497364443655,-0.26239725091662486,0.0545328062471048,0.09545081248574859
3,long_term_forecast_POST_COVID_TimeMixer_pl5_TimeMixer_custom_ftMS_sl128_ll0_pl5_dm16_nh8_el2_dl1_df32_expand2_dc4_fc1_ebtimeF_dtTrue_POST_COVID_0,-0.2698147584544958,0.5073170731707317,0.03575477251417516,0.044339856559049935,-0.06770594521533362,0.5154308058981895,-0.16301103404075756,-0.030765574506725457,0.38232558139534883,0.9844271695534527,488,0.768,-0.681777476083663,0.5187664420429055,0.0002170609359116809,0.014732988017088756,0.011120697839424803,-0.3697166415671,-0.004164936264329764,0.06354100895100386
4,long_term_forecast_POST_COVID_TimeMixer_pl5_TimeMixer_custom_ftMS_sl128_ll0_pl5_dm16_nh8_el2_dl1_df32_expand2_dc4_fc1_ebtimeF_dtTrue_POST_COVID_1,-0.3435903470475761,0.50801393728223,0.035899991132918294,0.03590711534237337,-0.06643837136652851,0.5206857066411149,-0.23236793062681138,-0.04537728153780407,0.37207122774133083,0.9680052603124997,528,0.834,-0.681777476083663,0.44940954545685163,0.00021662544184304107,0.014718201039632563,0.011109720514488122,-0.474029613625422,-0.0026324226880404724,0.06380594867848804
5,long_term_forecast_RECENT10_TimeMixer_pl5_TimeMixer_custom_ftMS_sl256_ll0_pl5_dm16_nh8_el2_dl1_df32_expand2_dc4_fc1_ebtimeF_dtTrue_RECENT10_1,-0.46827603804092954,0.49944341372912804,-0.015418029955355118,-0.00970204019207174,0.037345626109213936,0.7575292508203555,-0.6036881570747872,-0.08290599589008729,0.45964125560538116,0.9529993814768098,661,1.5795000000000001,-0.8005570403115179,0.19686888323673069,0.0003020940799502529,0.017380853832601347,0.013472524814601459,-0.7502967002335061,0.0018901924548326596,-0.03545543365438128
6,long_term_forecast_POST_COVID_TimeMixer_pl5_TimeMixer_custom_ftMS_sl128_ll0_pl5_dm16_nh8_el2_dl1_df32_expand2_dc4_fc1_ebtimeF_dtTrue_POST_COVID_2,-0.47808677539597616,0.5198606271777003,0.02960708739802094,0.039520563965083855,-0.054628232851341274,0.46096661931605687,-0.3285018656454516,-0.0675460750893998,0.3635505193578848,0.9381076921876753,544,0.861,-0.681777476083663,0.35327561043821143,0.00021711484982245332,0.014734817603976417,0.011105917829762193,-0.6394940186790234,-0.0013600621904765527,0.05326817066086472
7,long_term_forecast_RECENT10_FEDformer_pl5_FEDformer_custom_ftMS_sl256_ll48_pl5_dm64_nh4_el2_dl1_df128_expand2_dc4_fc3_ebtimeF_dtTrue_RECENT10_1,-0.4969254682043433,0.4920222634508349,-0.028020768398495016,-0.0313556652050315,-0.002075892496315089,0.7086846640547522,-0.6080623749243739,-0.08385726077535105,0.4257239563745769,0.9465156359989423,797,1.5015,-0.8005570403115179,0.192494665387144,0.00021821435496737,0.014772080251859249,0.011414316825670347,-0.8182589724848548,-0.02961648161055417,-0.02754058911423908
8,long_term_forecast_POST_COVID_Autoformer_pl5_Autoformer_custom_ftMS_sl128_ll48_pl5_dm32_nh4_el2_dl1_df64_expand2_dc4_fc3_ebtimeF_dtTrue_POST_COVID_2,-0.5360805818173405,0.510801393728223,0.017356281707226914,0.03316372040825422,-0.02273926390168366,0.701038056033805,-0.4366697617935573,-0.09586857898917389,0.424963924963925,0.9379272560504399,578,1.2315,-0.681777476083663,0.2451077142901057,0.00023430424191329377,0.0153069997685142,0.01161310024544214,-0.7669811628780568,0.0038475270993184423,0.026586791001002103
9,long_term_forecast_RECENT10_FEDformer_pl5_FEDformer_custom_ftMS_sl256_ll48_pl5_dm64_nh4_el2_dl1_df128_expand2_dc4_fc3_ebtimeF_dtTrue_RECENT10_2,-0.6162380584921981,0.49907235621521334,-0.012543709153156498,-0.016220913992001738,-0.06313294105402656,0.7688894242722718,-0.7049160089052249,-0.10785288328035925,0.4343702579666161,0.925224095523252,854,1.7715,-0.8005570403115179,0.09564103140629299,0.00021693963669574588,0.01472887085610251,0.011334340323640162,-0.9866548299823678,-0.045438844649293375,0.017694096404733184
10,long_term_forecast_POST_COVID_iTransformer_pl5_iTransformer_custom_ftMS_sl128_ll48_pl5_dm32_nh4_el2_dl1_df64_expand2_dc4_fc3_ebtimeF_dtTrue_POST_COVID_1,-0.6747785374688668,0.5344947735191637,0.06142755417124626,0.0697482133303598,-0.04855637563913892,0.6648682131863809,-0.5240210870217827,-0.12222894246813487,0.41379310344827586,0.9114088050325181,845,1.8780000000000001,-0.681777476083663,0.15775638906188028,0.00022896425511136043,0.015131564859966085,0.011471329998514237,-0.9771678194516472,0.03499745240106182,0.08355382804020074
11,long_term_forecast_RECENT10_Nonstationary_Transformer_pl5_Nonstationary_Transformer_custom_ftMS_sl256_ll48_pl5_dm64_nh4_el2_dl1_df64_expand2_dc4_fc3_ebtimeF_dtTrue_RECENT10_1,-0.688863304231619,0.5161410018552876,0.020765435681733526,0.015868608265051317,0.0027189683301693628,0.7959725615831302,-0.7388961469239339,-0.11800067082641152,0.4402332361516035,0.907846436496452,659,1.056,-0.8005570403115179,0.06166089338758396,0.00020527155515929905,0.014327301042391029,0.010815435621796661,-0.8940475761239641,0.03364239023571992,0.030923421905550554
12,long_term_forecast_RECENT10_Nonstationary_Transformer_pl5_Nonstationary_Transformer_custom_ftMS_sl256_ll48_pl5_dm64_nh4_el2_dl1_df64_expand2_dc4_fc3_ebtimeF_dtTrue_RECENT10_0,-0.7082597188976719,0.5139146567717996,0.031984755742064955,0.04839905463665779,0.0058347566012035765,0.7255123015102947,-0.6224464909045211,-0.08705472784579593,0.38136574074074076,0.885749180822626,873,1.338,-0.8005570403115179,0.17811054940699678,0.00020125475255853813,0.014186428463800822,0.010719707304746392,-0.7432618906508096,0.03888120071312449,0.03304644411192091
13,long_term_forecast_RECENT10_Transformer_pl5_Transformer_custom_ftMS_sl256_ll48_pl5_dm64_nh4_el2_dl1_df128_expand2_dc4_fc3_ebtimeF_dtTrue_RECENT10_2,-0.7146255333603607,0.500556586270872,0.024208341747451418,0.03230625290242112,-0.04227480752311658,0.865875870543634,-0.800857278951276,-0.1400616367305868,0.500556586270872,0.9109783460457488,0,0.0015,-0.8005570403115179,-0.0003002386397581436,0.00021144521292587582,0.014541155831840735,0.010954736184449377,-0.9625691647113098,0.011932856169033864,0.054207663692150444
14,long_term_forecast_RECENT10_Transformer_pl5_Transformer_custom_ftMS_sl256_ll48_pl5_dm64_nh4_el2_dl1_df128_expand2_dc4_fc3_ebtimeF_dtTrue_RECENT10_0,-0.8114882631031424,0.5009276437847866,0.0019257010348658708,0.005268507385073173,0.020026629804488903,0.8883573111975883,-0.842620083388387,-0.1587800843261039,0.4823222925195385,0.8926394485456256,178,0.2685,-0.8005570403115179,-0.042063043076869144,0.00021143338714093408,0.01454074919462316,0.010950194672333631,-1.0796817011808844,0.01838830108264078,-0.0016383287218481226
15,long_term_forecast_RECENT10_Crossformer_pl5_Crossformer_custom_ftMS_sl256_ll48_pl5_dm64_nh4_el2_dl1_df64_expand2_dc4_fc1_ebtimeF_dtTrue_RECENT10_1,-0.8846661534524056,0.5038961038961038,0.004561630035426135,0.009826032664706231,0.01510013126948414,0.7022879676604299,-0.6995973589247112,-0.10636142210535726,0.3187022900763359,0.8363386098323926,1072,1.62,-0.8005570403115179,0.10095968138680667,0.0001995702213708007,0.014126932482701285,0.010726190376183465,-1.0689716825371107,0.014885553121360025,-0.00021457814812411315
16,long_term_forecast_RECENT10_TimesNet_pl5_TimesNet_custom_ftMS_sl256_ll48_pl5_dm64_nh8_el2_dl1_df64_expand2_dc4_fc1_ebtimeF_dtTrue_RECENT10_2,-0.8997669146810712,0.501669758812616,0.018839740589539862,0.0364757850820732,0.05983034504565655,0.9037718148878525,-0.8401177513047217,-0.15753832530990497,0.39125151883353587,0.865487893889006,1125,2.0265,-0.8005570403115179,-0.039560710993203796,0.00020872996710725292,0.014447489993325931,0.01095735753484276,-1.1592491770962872,0.0458715317308589,-0.013958813314797645
17,long_term_forecast_RECENT10_Naive_pl5_Naive_custom_ftMS_sl256_ll48_pl5_dm512_nh8_el2_dl1_df2048_expand2_dc4_fc1_ebtimeF_dtTrue_RECENT10_2,-0.9098148751663815,0.49128014842300555,-0.03427563079993385,-0.03766015272649695,-0.00345224241794255,0.9136699093601915,-0.8797432542721192,-0.17967818687977433,0.4754290171606864,0.8734531293475453,305,0.8295000000000001,-0.8005570403115179,-0.07918621396060133,0.00041186645870613757,0.020294493309913838,0.015468452807406295,-1.3462083144021655,-0.036123444488910535,-0.032671202070967985
18,long_term_forecast_RECENT10_Naive_pl5_Naive_custom_ftMS_sl256_ll48_pl5_dm512_nh8_el2_dl1_df2048_expand2_dc4_fc1_ebtimeF_dtTrue_RECENT10_0,-0.9098148751663815,0.49128014842300555,-0.034224901419978505,-0.0375587121100205,-0.003333423361929891,0.9136699093601915,-0.8797432542721192,-0.17967818687977433,0.4754290171606864,0.8734531293475453,305,0.8295000000000001,-0.8005570403115179,-0.07918621396060133,0.0004118689961201419,0.020294555824657556,0.015468214337664078,-1.3462083144021655,-0.03600951921983571,-0.03267609585790582
19,long_term_forecast_RECENT10_Naive_pl5_Naive_custom_ftMS_sl256_ll48_pl5_dm512_nh8_el2_dl1_df2048_expand2_dc4_fc1_ebtimeF_dtTrue_RECENT10_1,-0.9177202324851578,0.49128014842300555,-0.0342701728217443,-0.037602797838338045,-0.0033009046804399755,0.9157422218225503,-0.8826299598345443,-0.18153980771672107,0.4752436647173489,0.8720446843397854,305,0.8295000000000001,-0.8005570403115179,-0.08207291952302642,0.00041187484439529843,0.020294699908973732,0.015468415455776372,-1.3580453092730589,-0.036037402127320046,-0.03273649744688007
20,long_term_forecast_POST_COVID_TimesNet_pl5_TimesNet_custom_ftMS_sl128_ll48_pl5_dm32_nh8_el2_dl1_df32_expand2_dc4_fc1_ebtimeF_dtTrue_POST_COVID_1,-0.9477411854268071,0.50801393728223,0.06391275988726128,0.04873923617096683,-0.0774956553979211,0.6481779486023541,-0.614861059041264,-0.15427264454994827,0.341687552213868,0.8452551928674893,861,1.5915,-0.681777476083663,0.06691641704239903,0.00021805653698736004,0.014766737520094275,0.011088556452935733,-1.252928596849966,0.024267370256087887,0.10176302565400898
21,long_term_forecast_POST_COVID_FEDformer_pl5_FEDformer_custom_ftMS_sl128_ll48_pl5_dm32_nh4_el2_dl1_df64_expand2_dc4_fc3_ebtimeF_dtTrue_POST_COVID_1,-1.0176380220050696,0.5114982578397212,0.016132004802943016,0.029050106194986478,0.010592663792890722,0.7701861939137524,-0.7251796842345739,-0.20293910483602895,0.43013100436681223,0.8470414259203285,605,1.4085,-0.681777476083663,-0.04340220815091089,0.0002458892534313407,0.01568085627226207,0.011985732299196361,-1.4346354533536436,0.021731212276922193,0.011138548484031471
22,long_term_forecast_RECENT10_Crossformer_pl5_Crossformer_custom_ftMS_sl256_ll48_pl5_dm64_nh4_el2_dl1_df64_expand2_dc4_fc1_ebtimeF_dtTrue_RECENT10_0,-1.0464015440470087,0.4923933209647495,-0.005884786822161415,-0.012403719107137149,0.09010239803684642,0.6582841018068017,-0.5505496833053464,-0.07205233609149087,0.2647849462365591,0.7401086776919105,644,0.966,-0.8005570403115179,0.2500073570061715,0.00019951278387060126,0.014124899428689794,0.01071986788005441,-0.8495203693623824,0.041074757841089014,-0.049027640195757394
23,long_term_forecast_POST_COVID_iTransformer_pl5_iTransformer_custom_ftMS_sl128_ll48_pl5_dm32_nh4_el2_dl1_df64_expand2_dc4_fc3_ebtimeF_dtTrue_POST_COVID_0,-1.0482584175192655,0.5212543554006969,0.043504945064731154,0.052474249505532845,0.012906295729485394,0.7714088584716542,-0.7180314565345663,-0.1993367922616215,0.4163623082542001,0.8395255754165318,898,2.064,-0.681777476083663,-0.036253980450903334,0.00022924760953762135,0.01514092498949854,0.011389276926916178,-1.4403778660871271,0.05055848165388459,0.037652185924399194
24,long_term_forecast_RECENT10_PatchTST_pl5_PatchTST_custom_ftMS_sl256_ll48_pl5_dm64_nh4_el2_dl1_df128_expand2_dc4_fc3_ebtimeF_dtTrue_RECENT10_0,-1.0645108565665977,0.5179962894248609,0.04509866075007677,0.04337415797582099,-0.0901708747785659,0.9036728375366625,-0.8958024165814639,-0.1905997905711636,0.3910482921083628,0.8362916884855529,1684,3.6465,-0.8005570403115179,-0.095245376269946,0.00020749709096025586,0.014404759316290427,0.010969076384676583,-1.497197491921368,0.0019789713197305723,0.09214984609829648
25,long_term_forecast_POST_COVID_Naive_pl5_Naive_custom_ftMS_sl128_ll48_pl5_dm512_nh8_el2_dl1_df2048_expand2_dc4_fc1_ebtimeF_dtTrue_POST_COVID_2,-1.0798078935717794,0.49477351916376305,-0.02660334257453254,-0.03517620218233746,-0.04584797169174908,0.8148181865609517,-0.7714177409806126,-0.22831223728326444,0.47601744186046513,0.8401878634913259,168,0.4605,-0.681777476083663,-0.08964026489694954,0.0004459575509297937,0.0211177070471629,0.016058324873613337,-1.533566162681843,-0.051685424998101914,-0.005837453306352832
26,long_term_forecast_POST_COVID_Naive_pl5_Naive_custom_ftMS_sl128_ll48_pl5_dm512_nh8_el2_dl1_df2048_expand2_dc4_fc1_ebtimeF_dtTrue_POST_COVID_1,-1.0852313842167105,0.49477351916376305,-0.026588211327745463,-0.03515566389838191,-0.04585658532911152,0.8164449581852974,-0.7734257736588539,-0.22950704131977062,0.4759825327510917,0.839087188573601,166,0.4575,-0.681777476083663,-0.09164829757519088,0.00044594141665194525,0.021117325035428736,0.01605803223251442,-1.5409033775209628,-0.05167511610698276,-0.00581853077787124
27,long_term_forecast_POST_COVID_Naive_pl5_Naive_custom_ftMS_sl128_ll48_pl5_dm512_nh8_el2_dl1_df2048_expand2_dc4_fc1_ebtimeF_dtTrue_POST_COVID_0,-1.0852313842167105,0.49477351916376305,-0.026563242504257834,-0.03503461492791289,-0.04578303947569182,0.8164449581852974,-0.7734257736588539,-0.22950704131977062,0.4759825327510917,0.839087188573601,166,0.4575,-0.681777476083663,-0.09164829757519088,0.0004459278588199303,0.021117004020928972,0.016057643544020624,-1.5409033775209628,-0.05160882304300041,-0.00582578356730859
28,long_term_forecast_RECENT10_Transformer_pl5_Transformer_custom_ftMS_sl256_ll48_pl5_dm64_nh4_el2_dl1_df128_expand2_dc4_fc3_ebtimeF_dtTrue_RECENT10_1,-1.0988804207949365,0.5012987012987012,0.01224420979114444,0.017850325833423948,-0.002687144274318187,0.9400031728618341,-0.9209644026740627,-0.21125018718597022,0.4274582560296846,0.8356321432835697,740,1.1115,-0.8005570403115179,-0.12040736236254479,0.00020778812636137344,0.014414857833547075,0.010867598098270223,-1.421262985049778,0.015210849350354194,0.01789799362467238
29,long_term_forecast_POST_COVID_Autoformer_pl5_Autoformer_custom_ftMS_sl128_ll48_pl5_dm32_nh4_el2_dl1_df64_expand2_dc4_fc3_ebtimeF_dtTrue_POST_COVID_1,-1.1098992161299137,0.5073170731707317,-0.02899968811615602,-0.02187365008155007,0.040248281512688916,0.7963179182944915,-0.7631196371874763,-0.22346470377861405,0.41792114695340504,0.8285225692235282,642,1.4024999999999999,-0.681777476083663,-0.08134216110381332,0.0002421129512629869,0.015559979153680988,0.011842609198494001,-1.5467418021425992,-0.007938498629273422,-0.048186780141962336
30,long_term_forecast_POST_COVID_Koopa_pl5_Koopa_custom_ftMS_sl128_ll48_pl5_dm512_nh8_el2_dl1_df2048_expand2_dc4_fc3_ebtimeF_dtTrue_POST_COVID_0,-1.1108876782909591,0.5024390243902439,0.017686504442446363,0.015105261142095951,-0.014813072214610113,0.7581753100846595,-0.7448861394638637,-0.21328630193342746,0.3898678414096916,0.8251781315893684,740,1.5375,-0.681777476083663,-0.06310866338020071,0.00023167666716762458,0.015220928590845718,0.011548221511951617,-1.5640268040570195,0.009713770325319707,0.02452684253992982
31,long_term_forecast_POST_COVID_TimesNet_pl5_TimesNet_custom_ftMS_sl128_ll48_pl5_dm32_nh8_el2_dl1_df32_expand2_dc4_fc1_ebtimeF_dtTrue_POST_COVID_0,-1.1151746697221534,0.5156794425087108,0.04004076197940888,0.028232475384809823,-0.09973676329854059,0.7448717718314946,-0.7361152283543808,-0.2086024319542258,0.37068303914044515,0.8165691179517326,765,1.4324999999999999,-0.681777476083663,-0.0543377522707178,0.0002224281291067439,0.014914024577783956,0.011197502670572719,-1.4977017148277598,-0.014569573441352634,0.08516718985718795
32,long_term_forecast_RECENT10_TimesNet_pl5_TimesNet_custom_ftMS_sl256_ll48_pl5_dm64_nh8_el2_dl1_df64_expand2_dc4_fc1_ebtimeF_dtTrue_RECENT10_0,-1.1412235715876293,0.4987012987012987,0.027707000433564305,0.04382953843518034,-0.005394151456338144,0.9364326271285143,-0.9203032369220361,-0.2106355376130632,0.4038236441669918,0.8227609412599183,1257,2.535,-0.8005570403115179,-0.11974619661051822,0.00021377084142343102,0.014620904261482291,0.011106495366612599,-1.4816928409047894,0.027200013434413525,0.03259416489075167
33,long_term_forecast_POST_COVID_FEDformer_pl5_FEDformer_custom_ftMS_sl128_ll48_pl5_dm32_nh4_el2_dl1_df64_expand2_dc4_fc3_ebtimeF_dtTrue_POST_COVID_0,-1.1471991863281497,0.5358885017421603,0.00927489542476564,0.0412496620910943,-0.0806859953297446,0.8143910495324816,-0.7689847705752861,-0.22687612868517126,0.4406158357771261,0.8201621097773996,623,1.3935,-0.681777476083663,-0.08720729449162312,0.0002417271966062357,0.015547578480465557,0.011720716734056986,-1.4235081924568402,-0.032527077818330086,0.048158917511414524
34,long_term_forecast_POST_COVID_TiDE_pl5_TiDE_custom_ftMS_sl128_ll48_pl5_dm256_nh8_el2_dl2_df256_expand2_dc4_fc1_ebtimeF_dtTrue_POST_COVID_0,-1.156435670441563,0.5198606271777003,0.016657368983284834,0.012154700608825357,-0.03730711903572888,0.8297420413788068,-0.7755868902985399,-0.2308027252630407,0.41630901287553645,0.819057707350942,848,1.9485000000000001,-0.681777476083663,-0.09380941421487687,0.00023848560158855317,0.015442979038661975,0.011805992707610888,-1.6285682048851486,-0.0042888076728472046,0.03301831136288167
35,long_term_forecast_RECENT10_DLinear_pl5_DLinear_custom_ftMS_sl256_ll48_pl5_dm64_nh8_el2_dl1_df64_expand2_dc4_fc1_ebtimeF_dtTrue_RECENT10_2,-1.1661394488778907,0.4972170686456401,0.024264856392840286,0.022110255202986734,-0.0813157072481721,0.9055396664201079,-0.9005482080430035,-0.19412019943210534,0.33719433719433717,0.807116170322207,1731,3.3645,-0.8005570403115179,-0.09999116773148564,0.00020214175499799276,0.01421765645238317,0.010825434390415571,-1.6129079552730956,-0.0149642776729655,0.0663514295752066
36,long_term_forecast_POST_COVID_DLinear_pl5_DLinear_custom_ftMS_sl128_ll48_pl5_dm32_nh8_el2_dl1_df32_expand2_dc4_fc1_ebtimeF_dtTrue_POST_COVID_2,-1.1738942174496818,0.48989547038327524,0.03530979991343677,-0.0009990824372061965,-0.0832825665347998,0.8217160785782056,-0.6946925625245972,-0.18807697475083274,0.32854864433811803,0.8060572623364631,910,1.7385,-0.681777476083663,-0.012915086440934198,0.0002182687476627756,0.014773921201318749,0.011210466695051866,-1.795815901383446,-0.011312181131059302,0.0719703854037405
37,long_term_forecast_RECENT10_TimeMixer_pl5_TimeMixer_custom_ftMS_sl256_ll0_pl5_dm16_nh8_el2_dl1_df32_expand2_dc4_fc1_ebtimeF_dtTrue_RECENT10_0,-1.1808724172133223,0.5072356215213358,-0.0031996746058464247,0.00977430448087103,-0.003209116672210057,0.8920647672385699,-0.8826792879421365,-0.18157197832532457,0.366600790513834,0.7949557497295945,983,1.542,-0.8005570403115179,-0.0821222476306186,0.0002030852994869333,0.014250799959543791,0.010768481870608476,-1.363302860870552,-0.005315777884597275,-0.0021066612123872177
38,long_term_forecast_POST_COVID_Transformer_pl5_Transformer_custom_ftMS_sl128_ll48_pl5_dm32_nh4_el2_dl1_df64_expand2_dc4_fc3_ebtimeF_dtTrue_POST_COVID_2,-1.189431548732641,0.5073170731707317,0.02406191116524477,0.00993530502493689,-0.1094465115094733,0.7085102427333414,-0.7085102427333414,-0.19465377362392877,0.35993349958437243,0.798092953302436,663,1.0635,-0.681777476083663,-0.026732766649678386,0.00022048002568960943,0.01484856981966982,0.01112918619731747,-1.430142122539959,-0.03546216352338277,0.07398434798609052
39,long_term_forecast_RECENT10_iTransformer_pl5_iTransformer_custom_ftMS_sl256_ll48_pl5_dm64_nh4_el2_dl1_df128_expand2_dc4_fc3_ebtimeF_dtTrue_RECENT10_0,-1.1969743887771778,0.5061224489795918,0.03224756929093667,0.03058439317249451,-0.04466782416499804,0.9391440862224087,-0.9321065961648368,-0.22237843948348568,0.38580246913580246,0.8137532800249168,1672,3.7215,-0.8005570403115179,-0.13154955585331896,0.0002108817607016514,0.014521768511502013,0.011049111923102891,-1.7030288971293763,0.012221347185315434,0.056889171350313475
40,long_term_forecast_RECENT10_Autoformer_pl5_Autoformer_custom_ftMS_sl256_ll48_pl5_dm64_nh4_el2_dl1_df128_expand2_dc4_fc3_ebtimeF_dtTrue_RECENT10_0,-1.201022547859459,0.5027829313543599,-0.01973670633979231,-0.001899797217331175,-0.02827902035941254,0.941862737950797,-0.9357074151066729,-0.22633080728839527,0.412875867386276,0.814747572257353,1160,2.4435000000000002,-0.8005570403115179,-0.13515037479515501,0.0002197494236927377,0.014823947641999336,0.011309150946978708,-1.690285585312076,-0.03533302016805783,-0.007053999808645291
41,long_term_forecast_RECENT10_Autoformer_pl5_Autoformer_custom_ftMS_sl256_ll48_pl5_dm64_nh4_el2_dl1_df128_expand2_dc4_fc3_ebtimeF_dtTrue_RECENT10_1,-1.2063787709972122,0.4849721706864564,-0.028629635697485712,-0.029595429215416854,-0.1596409820773694,0.9453848715086351,-0.9348443052195851,-0.22536548104253729,0.3875432525951557,0.814206279136827,1221,2.5155,-0.8005570403115179,-0.1342872649080672,0.0002223540386436517,0.014911540451732399,0.011515902165108822,-1.803489995150646,-0.1107438176434044,0.048897164433965
42,long_term_forecast_RECENT10_iTransformer_pl5_iTransformer_custom_ftMS_sl256_ll48_pl5_dm64_nh4_el2_dl1_df128_expand2_dc4_fc3_ebtimeF_dtTrue_RECENT10_1,-1.2105430039887197,0.49907235621521334,0.018724355595649236,0.028226744848469883,-0.08072364692493027,0.9441689600490534,-0.9378815189403538,-0.22881546618804482,0.388631090487239,0.8097583255437911,1547,3.3795,-0.8005570403115179,-0.1373244786288359,0.00021469900364504536,0.014652610813266192,0.01114779053981961,-1.6469793499872474,-0.020306505990846168,0.060417140934084096
43,long_term_forecast_RECENT10_iTransformer_pl5_iTransformer_custom_ftMS_sl256_ll48_pl5_dm64_nh4_el2_dl1_df128_expand2_dc4_fc3_ebtimeF_dtTrue_RECENT10_2,-1.2204477870243113,0.4923933209647495,0.029095323437646838,0.033143332128836925,-0.12163938386692062,0.9379569022249821,-0.932346012378764,-0.22263526086652297,0.38751926040061635,0.8118533583320949,1564,3.4065000000000003,-0.8005570403115179,-0.13178897206724616,0.00021395405236586908,0.014627168296217456,0.011132283273849509,-1.7103244323097844,-0.026850714471714096,0.09478866939520653
44,long_term_forecast_RECENT10_Koopa_pl5_Koopa_custom_ftMS_sl256_ll48_pl5_dm512_nh8_el2_dl1_df2048_expand2_dc4_fc3_ebtimeF_dtTrue_RECENT10_2,-1.2439588717214392,0.513543599257885,0.026735866927111402,0.031703903866370384,0.014745670601620652,0.944798884998918,-0.9416626329742914,-0.2333308029081529,0.4044548651817116,0.8061576391664631,1533,3.4755000000000003,-0.8005570403115179,-0.14110559266277356,0.00021638713270893828,0.014710103082879409,0.01115685013840047,-1.7295114397445255,0.03530656207882699,0.02056089147720634
45,long_term_forecast_RECENT10_Crossformer_pl5_Crossformer_custom_ftMS_sl256_ll48_pl5_dm64_nh4_el2_dl1_df64_expand2_dc4_fc1_ebtimeF_dtTrue_RECENT10_2,-1.2539293465232808,0.5038961038961038,-0.004019097061000327,0.0024227189215538215,0.05916802834431439,0.5917484873684016,-0.5731936009800889,-0.0765270258977212,0.24125874125874125,0.6520305374386929,553,0.8415,-0.8005570403115179,0.227363439331429,0.00019972195247346418,0.014132301740108162,0.010708161938088406,-0.8249463637778678,0.027258923687777152,-0.031909104656537235
46,long_term_forecast_POST_COVID_Nonstationary_Transformer_pl5_Nonstationary_Transformer_custom_ftMS_sl128_ll48_pl5_dm32_nh4_el2_dl1_df32_expand2_dc4_fc3_ebtimeF_dtTrue_POST_COVID_0,-1.2738491714260791,0.50801393728223,-0.0061648144258172775,0.02779370332402814,-0.06714294542441665,0.6512569200408229,-0.5862067872913639,-0.1435472270764354,0.2899728997289973,0.7306746812677162,577,0.9420000000000001,-0.681777476083663,0.09557068879229913,0.00021734315786940388,0.01474256279855724,0.011075983504160414,-1.2100541635197464,-0.044998065613753614,0.02214487981066303
47,long_term_forecast_POST_COVID_TiDE_pl5_TiDE_custom_ftMS_sl128_ll48_pl5_dm256_nh8_el2_dl2_df256_expand2_dc4_fc1_ebtimeF_dtTrue_POST_COVID_2,-1.2865343205105526,0.49477351916376305,0.01899536216894616,-0.005510438844336207,0.010996098933446226,0.834596972636714,-0.8118237619086293,-0.25422727092071506,0.38081603435934147,0.7976648978758144,852,2.0025,-0.681777476083663,-0.13004628582496625,0.00023828986646142592,0.015436640387773044,0.011961267655253688,-2.0691478168567135,0.025129074577828366,0.01413297564438214
48,long_term_forecast_POST_COVID_Transformer_pl5_Transformer_custom_ftMS_sl128_ll48_pl5_dm32_nh4_el2_dl1_df64_expand2_dc4_fc3_ebtimeF_dtTrue_POST_COVID_0,-1.2937911208043311,0.5038327526132405,0.006080531079379139,0.00539477470125722,0.0362384747077975,0.7997784471165478,-0.802459960106656,-0.2478401098375782,0.40029218407596784,0.792382851382987,579,1.0005,-0.681777476083663,-0.12068248402299298,0.00022935382396129065,0.015144432110887838,0.011310800914911998,-1.6445303382497878,0.03184952728188882,-0.004388947425908678
49,long_term_forecast_POST_COVID_Transformer_pl5_Transformer_custom_ftMS_sl128_ll48_pl5_dm32_nh4_el2_dl1_df64_expand2_dc4_fc3_ebtimeF_dtTrue_POST_COVID_1,-1.3380704764524067,0.48989547038327524,-0.00824584834284621,-0.02223785690242076,0.026757700351288626,0.8072474917661485,-0.8014516154533083,-0.24716728693875611,0.384206529992407,0.7766785801701227,623,1.0545,-0.681777476083663,-0.11967413936964533,0.00022551007673509782,0.015016992932511417,0.011277047363708824,-1.675529127224251,0.00790661167152096,-0.018851088679767668
50,long_term_forecast_RECENT10_Nonstationary_Transformer_pl5_Nonstationary_Transformer_custom_ftMS_sl256_ll48_pl5_dm64_nh4_el2_dl1_df64_expand2_dc4_fc3_ebtimeF_dtTrue_RECENT10_2,-1.348265673961922,0.46901669758812614,-0.02267217088642205,-0.04065690815844407,-0.12485180525593648,0.9041880530379561,-0.8580381704718762,-0.16685126726901922,0.288231148696265,0.7189517482091208,994,1.5615,-0.8005570403115179,-0.057481130160358385,0.00020125138247816898,0.01418630968498041,0.010816271304954576,-1.508058722001252,-0.08988497849894761,0.03496682675698886
51,long_term_forecast_POST_COVID_Autoformer_pl5_Autoformer_custom_ftMS_sl128_ll48_pl5_dm32_nh4_el2_dl1_df64_expand2_dc4_fc3_ebtimeF_dtTrue_POST_COVID_0,-1.360693976574167,0.4710801393728223,-0.009618138192096937,-0.023659333565669585,0.09530150243333584,0.8439033816470289,-0.8242069902078747,-0.2630892102555825,0.36926438455935906,0.7793627639920118,667,1.3665,-0.681777476083663,-0.14242951412421168,0.00023672653775164368,0.01538592011391076,0.011797484006672488,-1.924991296504095,0.04213012632961294,-0.0531713761037229
52,long_term_forecast_POST_COVID_PatchTST_pl5_PatchTST_custom_ftMS_sl128_ll48_pl5_dm32_nh4_el2_dl1_df64_expand2_dc4_fc3_ebtimeF_dtTrue_POST_COVID_1,-1.3641334559778502,0.526829268292683,0.018343317792714132,0.01712665874463681,-0.0118697244178415,0.8317481826384048,-0.8292861632543284,-0.2668735343116446,0.3984149855907781,0.7789096660505287,951,2.2395,-0.681777476083663,-0.14750868717066534,0.00023795817955705163,0.015425893152652512,0.01170999529200851,-1.9160576126843807,0.012089961074483787,0.023959685492325286
53,long_term_forecast_RECENT10_TSMixer_pl5_TSMixer_custom_ftMS_sl256_ll48_pl5_dm64_nh4_el2_dl1_df128_expand2_dc4_fc3_ebtimeF_dtTrue_RECENT10_0,-1.391790373770858,0.5038961038961038,0.027945639805302857,0.023954675894989865,-0.005822624757214144,0.9624710767050204,-0.9622219107021632,-0.26385612955364923,0.39088820826952525,0.7789982227379777,1654,3.8219999999999996,-0.8005570403115179,-0.16166487039064537,0.00021608300794437774,0.01469976217305497,0.011270561003604044,-2.049641940231845,0.025745704638916254,0.0315683293961304
54,long_term_forecast_POST_COVID_TSMixer_pl5_TSMixer_custom_ftMS_sl128_ll48_pl5_dm32_nh4_el2_dl1_df64_expand2_dc4_fc3_ebtimeF_dtTrue_POST_COVID_0,-1.4013427427394336,0.5066202090592334,0.00767028238324336,0.004601085255996022,-0.06789420425656757,0.864947815624081,-0.8522461598704643,-0.2852356106067969,0.3895639742673338,0.7739801227785466,907,2.1345,-0.681777476083663,-0.17046868378680125,0.00024320477603341392,0.015595024079282914,0.011853386339057831,-2.0503077300279724,-0.029890082386258766,0.038004121870308806
55,long_term_forecast_RECENT10_Koopa_pl5_Koopa_custom_ftMS_sl256_ll48_pl5_dm512_nh8_el2_dl1_df2048_expand2_dc4_fc3_ebtimeF_dtTrue_RECENT10_1,-1.4141245670422569,0.5157699443413729,0.0448824923303121,0.042578630071876025,-0.07207578516334365,0.9679549076382602,-0.9639498866485802,-0.26707185441606984,0.38738738738738737,0.7692754280560321,1709,3.7935,-0.8005570403115179,-0.1633928463370623,0.00021109998119896671,0.01452928013354298,0.010976915032569798,-1.9203708629328538,0.0026475243663719923,0.07472330952971563
56,long_term_forecast_RECENT10_TSMixer_pl5_TSMixer_custom_ftMS_sl256_ll48_pl5_dm64_nh4_el2_dl1_df128_expand2_dc4_fc3_ebtimeF_dtTrue_RECENT10_1,-1.4221179002830668,0.5057513914656772,0.005899920422324148,0.00430687136237899,-0.06028591481560967,0.9718970765418525,-0.970426216452437,-0.28051811298157237,0.401355421686747,0.7759029055004032,1610,3.9135,-0.8005570403115179,-0.16986917614091912,0.00023117731118340795,0.015204516144337115,0.011681906178515541,-2.120502466678251,-0.023306963538618258,0.03697895127699142
57,long_term_forecast_POST_COVID_DLinear_pl5_DLinear_custom_ftMS_sl128_ll48_pl5_dm32_nh8_el2_dl1_df32_expand2_dc4_fc1_ebtimeF_dtTrue_POST_COVID_1,-1.428808783405729,0.5031358885017422,0.033938376004753974,0.005229828829074413,-0.06944394994787934,0.8488564462620926,-0.7990846193338851,-0.2455988959073292,0.3237354085603113,0.7558678012276566,949,1.8285,-0.681777476083663,-0.11730714325022207,0.00021915182130819165,0.014803777264880462,0.01121272532869285,-2.0811980255762554,-0.004753618370673797,0.06469033157720554
58,long_term_forecast_POST_COVID_Nonstationary_Transformer_pl5_Nonstationary_Transformer_custom_ftMS_sl128_ll48_pl5_dm32_nh4_el2_dl1_df32_expand2_dc4_fc3_ebtimeF_dtTrue_POST_COVID_2,-1.4482560256401618,0.47804878048780486,-0.02101372907357891,-0.0217578702012308,-0.0595242256205067,0.7187882076489618,-0.6898389523222761,-0.18582500184036,0.2954248366013072,0.6916981593348849,544,0.879,-0.681777476083663,-0.008061476238613086,0.00021907309407172306,0.014801118000736399,0.011144290626904666,-1.4633570088670924,-0.04979436331739061,0.009729862303116092
59,long_term_forecast_RECENT10_TiDE_pl5_TiDE_custom_ftMS_sl256_ll48_pl5_dm256_nh8_el2_dl2_df256_expand2_dc4_fc1_ebtimeF_dtTrue_RECENT10_1,-1.4498322859415833,0.4857142857142857,0.01919281540999584,0.005495721417403768,-0.03250174876804486,0.9706359509791567,-0.970739748444184,-0.2812348050104676,0.3901328273244782,0.7702871758745926,1624,3.8805,-0.8005570403115179,-0.17018270813266612,0.00022977151586932673,0.015158216117648103,0.011719264675588748,-2.1065900684363137,0.003297205087974686,0.03579895385601955
60,long_term_forecast_POST_COVID_iTransformer_pl5_iTransformer_custom_ftMS_sl128_ll48_pl5_dm32_nh4_el2_dl1_df64_expand2_dc4_fc3_ebtimeF_dtTrue_POST_COVID_2,-1.4568998385046834,0.5038327526132405,0.012658855893529062,-0.0010330990334600106,-0.10123884404212913,0.8721262669179061,-0.8598408605997412,-0.2918285794469332,0.38071065989847713,0.7580569650246195,883,1.9935,-0.681777476083663,-0.17806338451607817,0.0002329341838906275,0.015262181491865031,0.01159660336686166,-2.0521172540926873,-0.043368225289159915,0.05787061875296921
61,long_term_forecast_RECENT10_PatchTST_pl5_PatchTST_custom_ftMS_sl256_ll48_pl5_dm64_nh4_el2_dl1_df128_expand2_dc4_fc3_ebtimeF_dtTrue_RECENT10_1,-1.501848276410297,0.4883116883116883,-0.012235982087343784,-0.025150308581970215,-0.03931952538874372,0.9747738988844642,-0.9739053970799045,-0.28888930957429537,0.37237695536054943,0.7584431295608172,1651,3.8055,-0.8005570403115179,-0.17334835676838667,0.00022121196114962646,0.01487319606371228,0.011472914636210294,-2.226236604735005,-0.031923023688501674,0.007396501700242045
62,long_term_forecast_POST_COVID_Nonstationary_Transformer_pl5_Nonstationary_Transformer_custom_ftMS_sl128_ll48_pl5_dm32_nh4_el2_dl1_df32_expand2_dc4_fc3_ebtimeF_dtTrue_POST_COVID_1,-1.5109754672615598,0.5052264808362369,0.00914743824753605,0.03595657372305447,0.06415434409658313,0.7317275054759568,-0.7139461993882572,-0.1973117289181845,0.30709677419354836,0.6703548178087951,628,1.008,-0.681777476083663,-0.03216872330459419,0.00021732003861307632,0.014741778678744174,0.01103557761659981,-1.382576110387827,0.04259384708835361,-0.021560497008229523
63,long_term_forecast_RECENT10_TimeMixer_pl5_TimeMixer_custom_ftMS_sl256_ll0_pl5_dm16_nh8_el2_dl1_df32_expand2_dc4_fc1_ebtimeF_dtTrue_RECENT10_2,-1.5391072260481622,0.4935064935064935,-0.03617162122435639,-0.028667174826138564,-0.05203801383102633,0.9657683458659274,-0.9603326321325923,-0.2604893713400298,0.36869793950021923,0.7321529686963227,1084,1.7730000000000001,-0.8005570403115179,-0.15977559182107448,0.00020784384119990868,0.01441679025303166,0.010896590996864079,-1.833247594671259,-0.061602233796511356,-0.009564219965485026
64,long_term_forecast_RECENT10_Koopa_pl5_Koopa_custom_ftMS_sl256_ll48_pl5_dm512_nh8_el2_dl1_df2048_expand2_dc4_fc3_ebtimeF_dtTrue_RECENT10_0,-1.5728129717636645,0.5035250463821892,-0.022152409723627385,-0.006006733130122743,0.07587920593196132,0.9790770877918433,-0.9790988103662019,-0.30349364866942474,0.401854714064915,0.7423895838885265,1506,3.3705,-0.8005570403115179,-0.17854177005468408,0.00023106044593402595,0.015200672548740269,0.011481979668432996,-2.130452026278038,0.02236690655167394,-0.05351229938028738
65,long_term_forecast_RECENT10_TSMixer_pl5_TSMixer_custom_ftMS_sl256_ll48_pl5_dm64_nh4_el2_dl1_df128_expand2_dc4_fc3_ebtimeF_dtTrue_RECENT10_2,-1.573604987184492,0.5050092764378479,0.0031482136177189294,0.009411216188287996,-0.020922735138919398,0.9799348400012423,-0.9788196430137038,-0.30262898823515294,0.3897199846566935,0.7442814857590111,1544,3.3885,-0.8005570403115179,-0.17826260270218597,0.00022149178095904424,0.014882599939494586,0.011250340551757672,-2.135005598218747,-0.006984454694841067,0.013938280444078332
66,long_term_forecast_RECENT10_TiDE_pl5_TiDE_custom_ftMS_sl256_ll48_pl5_dm256_nh8_el2_dl2_df256_expand2_dc4_fc1_ebtimeF_dtTrue_RECENT10_2,-1.5739993226446471,0.487569573283859,-0.0028927406419936505,-0.007740149721821324,-0.09080731685317556,0.9814989498594555,-0.9806098161957038,-0.30836368143135073,0.387593984962406,0.7493298398188466,1633,3.9975,-0.8005570403115179,-0.1800527758841859,0.00023649911033349648,0.01537852757364945,0.01181973601784898,-2.299231853342217,-0.04769256758064192,0.043114749272533635
67,long_term_forecast_POST_COVID_DLinear_pl5_DLinear_custom_ftMS_sl128_ll48_pl5_dm32_nh8_el2_dl1_df32_expand2_dc4_fc1_ebtimeF_dtTrue_POST_COVID_0,-1.5747092828116198,0.48222996515679445,0.03909794401028755,0.0056385538778962055,-0.08416430727061491,0.8677756249246447,-0.8273756413732258,-0.26543931233532747,0.3198757763975155,0.7281541363877884,963,1.8464999999999998,-0.681777476083663,-0.14559816528956282,0.0002191222825384348,0.014802779554476746,0.011193430482273722,-2.2378322482464075,-0.007851694271499654,0.07631261299911526
68,long_term_forecast_POST_COVID_TimesNet_pl5_TimesNet_custom_ftMS_sl128_ll48_pl5_dm32_nh8_el2_dl1_df32_expand2_dc4_fc1_ebtimeF_dtTrue_POST_COVID_2,-1.6003629110573363,0.5205574912891986,0.032540793520595135,0.0530204236948196,-0.0045556475823379725,0.8798172337626802,-0.8601640146186923,-0.2921155836765076,0.3700607902735562,0.7236579342527913,820,1.5795,-0.681777476083663,-0.17838653853502928,0.00022298525958943752,0.014932690969461516,0.011080651734275035,-1.9593224035608916,0.02987515879862681,0.03443080638096478
69,long_term_forecast_RECENT10_TiDE_pl5_TiDE_custom_ftMS_sl256_ll48_pl5_dm256_nh8_el2_dl2_df256_expand2_dc4_fc1_ebtimeF_dtTrue_RECENT10_0,-1.6040592571415124,0.49165120593692024,0.006453762341701193,-0.008038423985540737,-0.0327577323303564,0.9848277952926369,-0.9844466469747063,-0.32247737052527703,0.39681938659598637,0.7410833959291515,1615,3.9945,-0.8005570403115179,-0.18388960666318843,0.00023297666523325664,0.015263573147636718,0.011724343913675425,-2.357870498853515,-0.0098157462859852,0.0229419860443712
70,long_term_forecast_RECENT10_PatchTST_pl5_PatchTST_custom_ftMS_sl256_ll48_pl5_dm64_nh4_el2_dl1_df128_expand2_dc4_fc3_ebtimeF_dtTrue_RECENT10_2,-1.662857358416383,0.49684601113172544,-0.0007317337449674707,-0.004281358097005191,-0.028625966911198834,0.9822669834790256,-0.9820816513551761,-0.313450240812446,0.373117033603708,0.7266693512725083,1671,3.7635,-0.8005570403115179,-0.18152461104365825,0.00021653400269197083,0.014715094382706856,0.011291629094697213,-2.315903205827727,-0.015009046034697835,0.013616920876501
71,long_term_forecast_POST_COVID_Crossformer_pl5_Crossformer_custom_ftMS_sl128_ll48_pl5_dm32_nh4_el2_dl1_df32_expand2_dc4_fc1_ebtimeF_dtTrue_POST_COVID_2,-1.669371976753583,0.5052264808362369,0.015163557756657937,0.007743517828877458,0.034783730257361034,0.8286198296971925,-0.8244570517100287,-0.2632733992081364,0.3129251700680272,0.7073577242435453,925,1.392,-0.681777476083663,-0.14267957562636568,0.00021934686869076484,0.01481036355700848,0.0110683057664947,-2.053457262893122,0.03514664700981662,0.00036291675245558896
72,long_term_forecast_RECENT10_DLinear_pl5_DLinear_custom_ftMS_sl256_ll48_pl5_dm64_nh8_el2_dl1_df64_expand2_dc4_fc1_ebtimeF_dtTrue_RECENT10_0,-1.675401385990936,0.4949907235621521,0.009000964789667155,0.009625523079312965,-0.07285535181754475,0.9719848848856926,-0.9711200111427097,-0.28211343560472646,0.32314225053078555,0.7089958261628464,1844,3.6359999999999997,-0.8005570403115179,-0.17056297083119187,0.00020379822149054578,0.014275791448832032,0.0108551464891865,-2.1934719091026786,-0.026637891729118516,0.04621746008842624
73,long_term_forecast_RECENT10_Autoformer_pl5_Autoformer_custom_ftMS_sl256_ll48_pl5_dm64_nh4_el2_dl1_df128_expand2_dc4_fc3_ebtimeF_dtTrue_RECENT10_2,-1.675863508235657,0.4816326530612245,-0.047017630445360226,-0.04570662899346416,-0.00388303835308703,0.9861405771914425,-0.98592017579108,-0.3287538324246414,0.38979824895317855,0.7267789939870029,1244,2.7945,-0.8005570403115179,-0.18536313547956218,0.00023591843853364023,0.0153596366667197,0.011868150458159366,-2.3610723270137597,-0.04942285515243396,-0.04553981679934693
74,long_term_forecast_RECENT10_TimesNet_pl5_TimesNet_custom_ftMS_sl256_ll48_pl5_dm64_nh8_el2_dl1_df64_expand2_dc4_fc1_ebtimeF_dtTrue_RECENT10_1,-1.7152674330196704,0.49313543599257886,0.0035810630311801485,0.007948527980282625,-0.00042337273036292377,0.9813960696292509,-0.973508074991309,-0.28788378585166485,0.3324652777777778,0.6949736925507655,1667,3.1455,-0.8005570403115179,-0.17295103467979112,0.00020391041316307538,0.014279720346108861,0.010837495902579963,-2.155852626049511,0.004207785821652347,0.004631158552015271
75,long_term_forecast_POST_COVID_TSMixer_pl5_TSMixer_custom_ftMS_sl128_ll48_pl5_dm32_nh4_el2_dl1_df64_expand2_dc4_fc3_ebtimeF_dtTrue_POST_COVID_1,-1.7353706953336407,0.5087108013937283,-0.01939843970408022,-0.0022671910132563513,0.06318165863953057,0.9178959359514738,-0.9038608946731537,-0.33719262754381885,0.38852578068264343,0.7103771944239655,893,2.0445,-0.681777476083663,-0.22208341858949066,0.0002449054497820949,0.015649455255122936,0.011826836915150123,-2.3436617176377204,0.015727365299197806,-0.04745429334033277
76,long_term_forecast_RECENT10_DLinear_pl5_DLinear_custom_ftMS_sl256_ll48_pl5_dm64_nh8_el2_dl1_df64_expand2_dc4_fc1_ebtimeF_dtTrue_RECENT10_1,-1.7422805241556005,0.49424860853432284,-0.00022650318479315202,-0.0027774876325401725,-0.09189361857034656,0.9787670259214859,-0.9775525917401313,-0.2988299883300568,0.32848588537211293,0.689552115100702,1576,2.8724999999999996,-0.8005570403115179,-0.17699555142861345,0.00020433706817856123,0.01429465173337781,0.01085972097467186,-2.178609052294484,-0.04500379489730581,0.04688982367304074
77,long_term_forecast_POST_COVID_PatchTST_pl5_PatchTST_custom_ftMS_sl128_ll48_pl5_dm32_nh4_el2_dl1_df64_expand2_dc4_fc3_ebtimeF_dtTrue_POST_COVID_2,-1.7694459723780482,0.49477351916376305,-0.021238387155996557,-0.0309102269989093,0.033875343198332915,0.923053165412679,-0.9197173830972535,-0.3578435451661315,0.3804425410421128,0.7028812427463405,900,2.1105,-0.681777476083663,-0.23793990701359047,0.00024019623137596236,0.015498265431201079,0.011842156726885529,-2.5239215206122076,-0.002781976344021177,-0.03665731954235409
78,long_term_forecast_POST_COVID_FEDformer_pl5_FEDformer_custom_ftMS_sl128_ll48_pl5_dm32_nh4_el2_dl1_df64_expand2_dc4_fc3_ebtimeF_dtTrue_POST_COVID_2,-1.7840048224833165,0.4878048780487805,-0.004368030767619234,-0.015084911692585076,-0.05814110976296553,0.9323986965128382,-0.9308575470446246,-0.37447040141008203,0.415351506456241,0.7014109960310899,621,1.5015,-0.681777476083663,-0.24908007096096163,0.0002374276045232174,0.015408686008976151,0.011621374368546267,-2.3264366605889952,-0.03591932720227083,0.022221782560694694
79,long_term_forecast_POST_COVID_TiDE_pl5_TiDE_custom_ftMS_sl128_ll48_pl5_dm256_nh8_el2_dl2_df256_expand2_dc4_fc1_ebtimeF_dtTrue_POST_COVID_1,-1.7843027091069357,0.4815331010452962,-0.01961482719520232,-0.029946521578149723,0.04165819019440824,0.9376111514234013,-0.9245693356787973,-0.36483513542334545,0.3773049645390071,0.702232376425095,863,2.0145,-0.681777476083663,-0.24279185959513427,0.0002442684238055024,0.01562908902673161,0.01197313503745688,-2.622632772493712,0.0033754125030300767,-0.03828277769137816
80,long_term_forecast_POST_COVID_Crossformer_pl5_Crossformer_custom_ftMS_sl128_ll48_pl5_dm32_nh4_el2_dl1_df32_expand2_dc4_fc1_ebtimeF_dtTrue_POST_COVID_1,-1.8654315418930747,0.5156794425087108,0.01544054386739275,0.009677862762249405,0.0264884625617178,0.733509403221714,-0.733509403221714,-0.2072356050151316,0.27238805970149255,0.6009094961582282,706,1.077,-0.681777476083663,-0.05173192713805097,0.00021771117372711667,0.014755038926655417,0.011023533823140069,-1.7471414376657135,0.0303048124226931,0.0038163498609752973
81,long_term_forecast_RECENT10_FEDformer_pl5_FEDformer_custom_ftMS_sl256_ll48_pl5_dm64_nh4_el2_dl1_df128_expand2_dc4_fc3_ebtimeF_dtTrue_RECENT10_0,-1.877529752430157,0.4816326530612245,-0.03007396773189628,-0.04245879202795835,-0.01918546015624298,0.9887051379093549,-0.9879619689872461,-0.3385158058587272,0.3449197860962567,0.6883964747177627,1727,3.5535,-0.8005570403115179,-0.18740492867572822,0.0002114208202977134,0.014540317063176903,0.01110580639343468,-2.704924732995203,-0.04068619798269939,-0.02150073782645641
82,long_term_forecast_POST_COVID_PatchTST_pl5_PatchTST_custom_ftMS_sl128_ll48_pl5_dm32_nh4_el2_dl1_df64_expand2_dc4_fc3_ebtimeF_dtTrue_POST_COVID_0,-1.9157501474620957,0.4961672473867596,-0.02674575470978912,-0.034345143821810024,-0.027792681371037242,0.9346339522570332,-0.9296187353994265,-0.3725166356045324,0.36770007209805333,0.6771513676891345,900,2.0745,-0.681777476083663,-0.2478412593157635,0.0002377851826413342,0.015420284778217755,0.011755163438752594,-2.7540828533296646,-0.04189823571911248,-0.014105554348075236
83,long_term_forecast_POST_COVID_TSMixer_pl5_TSMixer_custom_ftMS_sl128_ll48_pl5_dm32_nh4_el2_dl1_df64_expand2_dc4_fc3_ebtimeF_dtTrue_POST_COVID_2,-1.9524541446301444,0.47874564459930313,-0.01979521465950223,-0.02822329559422524,0.004530365521839445,0.9440089358261174,-0.9427885578449149,-0.39493521953703803,0.37992831541218636,0.6647615929949017,897,2.0745000000000005,-0.681777476083663,-0.2610110817612519,0.00023892280482530216,0.015457127961730217,0.011704457780410136,-2.7058358827932323,-0.017295278563770968,-0.021825644085610413
84,long_term_forecast_POST_COVID_Crossformer_pl5_Crossformer_custom_ftMS_sl128_ll48_pl5_dm32_nh4_el2_dl1_df32_expand2_dc4_fc1_ebtimeF_dtTrue_POST_COVID_0,-2.052051184649717,0.5094076655052264,0.0046196659355503085,0.014457780318959052,0.025923319630626773,0.7060288300093899,-0.7120867150502741,-0.19639786882422894,0.24290220820189273,0.5336823806693385,594,0.909,-0.681777476083663,-0.030309238966611085,0.00021745901243473258,0.01474649152967351,0.01103324380338241,-1.710498680905735,0.019204776912162415,-0.0067185427184643575
